source_file,source_branch,link_text,link_path,target_path,target_branch,exists
docs\00-交叉引用完善报告.md,docs,集合,./visualizations/思维导图/概念/开集.md,docs\visualizations\思维导图\概念\开集.md,docs,True
docs\00-交叉引用完善报告.md,docs,二元运算,./../ref/Books/AbstractAlgebra/Alcock L. How to Think About Abstract Algebra 2021/01-核心概念/02-二元运算.md,ref\Books\AbstractAlgebra\Alcock L. How to Think About Abstract Algebra 2021\01-核心概念\02-二元运算.md,ref,True
docs\00-交叉引用完善报告.md,docs,等价关系,./visualizations/思维导图/概念/同伦等价.md,docs\visualizations\思维导图\概念\同伦等价.md,docs,True
docs\00-交叉引用完善报告.md,docs,环,./visualizations/思维导图/概念/环.md,docs\visualizations\思维导图\概念\环.md,docs,True
docs\00-交叉引用完善报告.md,docs,半群,./i18n/ja/core/群.md,docs\i18n\ja\core\群.md,docs,True
docs\00-交叉引用完善报告.md,docs,子群,./visualizations/思维导图/概念/子群.md,docs\visualizations\思维导图\概念\子群.md,docs,True
docs\00-交叉引用完善报告.md,docs,群同态,./visualizations/思维导图/概念/群同态.md,docs\visualizations\思维导图\概念\群同态.md,docs,True
docs\00-交叉引用完善报告.md,docs,群表示,./visualizations/思维导图/概念/表示论.md,docs\visualizations\思维导图\概念\表示论.md,docs,True
docs\00-全局文档索引-2025年12月.md,docs,13.1 代数几何基础 / Algebraic Geometry Foundations,./02-代数结构/02-核心理论/代数几何/01-代数几何基础.md,docs\02-代数结构\02-核心理论\代数几何\01-代数几何基础.md,docs,True
docs\00-全局文档索引-2025年12月.md,docs,13.2 代数几何增强版 / Algebraic Geometry Enhanced,./02-代数结构/02-核心理论/代数几何/02-代数几何增强版.md,docs\02-代数结构\02-核心理论\代数几何\02-代数几何增强版.md,docs,True
docs\00-全局文档索引-2025年12月.md,docs,13.3 代数几何深度扩展版 / Algebraic Geometry Deep Extension,./02-代数结构/02-核心理论/代数几何/03-代数几何深度扩展版.md,docs\02-代数结构\02-核心理论\代数几何\03-代数几何深度扩展版.md,docs,True
docs\00-全局文档索引-2025年12月.md,docs,Lean4形式化实现-代数几何 / Lean 4 Formalization - Algebraic Geometry,./02-代数结构/02-核心理论/代数几何/Lean4形式化实现-代数几何.md,docs\02-代数结构\02-核心理论\代数几何\Lean4形式化实现-代数几何.md,docs,True
docs\00-全局文档索引-2025年12月.md,docs,代数几何应用案例-深度扩展版 / Algebraic Geometry Applications - Deep Extension,./02-代数结构/02-核心理论/代数几何/代数几何应用案例-深度扩展版.md,docs\02-代数结构\02-核心理论\代数几何\代数几何应用案例-深度扩展版.md,docs,True
docs\00-全局文档索引-2025年12月.md,docs,16.1 表示论基础 / Representation Theory Foundations,./02-代数结构/02-核心理论/表示论/01-表示论基础.md,docs\02-代数结构\02-核心理论\表示论\01-表示论基础.md,docs,True
docs\00-全局文档索引-2025年12月.md,docs,16.2 表示论增强版 / Representation Theory Enhanced,./02-代数结构/02-核心理论/表示论/02-表示论增强版.md,docs\02-代数结构\02-核心理论\表示论\02-表示论增强版.md,docs,True
docs\00-全局文档索引-2025年12月.md,docs,2.1 群论 / Group Theory,./02-代数结构/02-核心理论/群论/01-群论.md,docs\02-代数结构\02-核心理论\群论\01-群论.md,docs,True
docs\00-全局文档索引-2025年12月.md,docs,2.1 群论 / Group Theory,./02-代数结构/02-核心理论/群论/01-群论-国际标准深度扩展版.md,docs\02-代数结构\02-核心理论\群论\01-群论-国际标准深度扩展版.md,docs,True
docs\00-全局文档索引-2025年12月.md,docs,2.2 化学中的群论应用,./02-代数结构/03-应用分析/群论应用/02-群论应用-物理化学版.md,docs\02-代数结构\03-应用分析\群论应用\02-群论应用-物理化学版.md,docs,True
docs\00-全局文档索引-2025年12月.md,docs,2.2 环论 / Ring Theory,./02-代数结构/02-核心理论/环论/02-环论.md,docs\02-代数结构\02-核心理论\环论\02-环论.md,docs,True
docs\00-全局文档索引-2025年12月.md,docs,2.2 环论 / Ring Theory,./02-代数结构/02-核心理论/环论/01-环论-国际标准深度扩展版.md,docs\02-代数结构\02-核心理论\环论\01-环论-国际标准深度扩展版.md,docs,True
docs\00-全局文档索引-2025年12月.md,docs,2.3 域论 / Field Theory,./02-代数结构/02-核心理论/域论/01-域论-国际标准深度扩展版.md,docs\02-代数结构\02-核心理论\域论\01-域论-国际标准深度扩展版.md,docs,True
docs\00-全局文档索引-2025年12月.md,docs,4.1 基础群论密码学,./02-代数结构/03-应用分析/群论应用/04-群论应用-密码学版.md,docs\02-代数结构\03-应用分析\群论应用\04-群论应用-密码学版.md,docs,True
docs\00-全局文档索引-2025年12月.md,docs,5. 李代数 / Lie Algebras,./02-代数结构/02-核心理论/李代数/01-李代数-国际标准深度扩展版.md,docs\02-代数结构\02-核心理论\李代数\01-李代数-国际标准深度扩展版.md,docs,True
docs\00-全局文档索引-2025年12月.md,docs,Lean4形式化实现：李代数 / Lean4 Formalization: Lie Algebras,./02-代数结构/05-形式化实现/李代数/06-Lean4形式化实现-李代数.md,docs\02-代数结构\05-形式化实现\李代数\06-Lean4形式化实现-李代数.md,docs,True
docs\00-全局文档索引-2025年12月.md,docs,Lean4形式化实现：域论 / Lean4 Formalization: Field Theory,./02-代数结构/05-形式化实现/域论/06-Lean4形式化实现-域论.md,docs\02-代数结构\05-形式化实现\域论\06-Lean4形式化实现-域论.md,docs,True
docs\00-全局文档索引-2025年12月.md,docs,Lean4形式化实现-环论 - 国际标准版,./02-代数结构/05-形式化实现/环论/06-Lean4形式化实现-环论.md,docs\02-代数结构\05-形式化实现\环论\06-Lean4形式化实现-环论.md,docs,True
docs\00-全局文档索引-2025年12月.md,docs,Lean4形式化实现-模论 / Lean 4 Formalization - Module Theory,./02-代数结构/05-形式化实现/模论/06-Lean4形式化实现-模论.md,docs\02-代数结构\05-形式化实现\模论\06-Lean4形式化实现-模论.md,docs,True
docs\00-全局文档索引-2025年12月.md,docs,Lean4形式化实现-群论 / Lean4 Formalization of Group Theory,./02-代数结构/05-形式化实现/群论/06-Lean4形式化实现-群论.md,docs\02-代数结构\05-形式化实现\群论\06-Lean4形式化实现-群论.md,docs,True
docs\00-全局文档索引-2025年12月.md,docs,Python实现：李代数算法 / Python Implementation: Lie Algebra Algorithms,./02-代数结构/06-技术实现参考/Python实现/李代数/07-Python实现-李代数算法.md,docs\02-代数结构\06-技术实现参考\Python实现\李代数\07-Python实现-李代数算法.md,UNKNOWN,False
docs\00-全局文档索引-2025年12月.md,docs,Python实现：域论算法 / Python Implementation: Field Theory Algorithms,./02-代数结构/06-技术实现参考/Python实现/域论/07-Python实现-域论算法.md,docs\02-代数结构\06-技术实现参考\Python实现\域论\07-Python实现-域论算法.md,UNKNOWN,False
docs\00-全局文档索引-2025年12月.md,docs,Python实现-模论算法 - 国际标准版,./02-代数结构/06-技术实现参考/Python实现/模论/07-Python实现-模论算法.md,docs\02-代数结构\06-技术实现参考\Python实现\模论\07-Python实现-模论算法.md,UNKNOWN,False
docs\00-全局文档索引-2025年12月.md,docs,ZFC到抽象代数结构完整论证 - 国际标准版,./02-代数结构/01-理论基础/01-ZFC到抽象代数结构完整论证-国际标准版.md,docs\02-代数结构\01-理论基础\01-ZFC到抽象代数结构完整论证-国际标准版.md,docs,True
docs\00-全局文档索引-2025年12月.md,docs,ZFC公理体系到抽象代数结构 - 基础理论,./02-代数结构/01-理论基础/ZFC公理体系到抽象代数结构-基础理论.md,docs\02-代数结构\01-理论基础\ZFC公理体系到抽象代数结构-基础理论.md,docs,True
docs\00-全局文档索引-2025年12月.md,docs,表示论算法Python实现 - 国际标准版,./02-代数结构/06-技术实现参考/Python实现/表示论/07-Python实现-表示论算法.md,docs\02-代数结构\06-技术实现参考\Python实现\表示论\07-Python实现-表示论算法.md,UNKNOWN,False
docs\00-全局文档索引-2025年12月.md,docs,抽象代数结构分析项目启动执行指南,./02-代数结构/07-项目文档/项目总览/项目启动执行指南.md,docs\02-代数结构\07-项目文档\项目总览\项目启动执行指南.md,docs,True
docs\00-全局文档索引-2025年12月.md,docs,抽象代数结构分析执行计划 - 详细版,./02-代数结构/07-项目文档/项目总览/抽象代数结构分析执行计划-详细版.md,docs\02-代数结构\07-项目文档\项目总览\抽象代数结构分析执行计划-详细版.md,docs,True
docs\00-全局文档索引-2025年12月.md,docs,抽象代数结构全面分析计划 - 2025年1月,./02-代数结构/07-项目文档/项目总览/抽象代数结构全面分析计划-2025年1月.md,docs\02-代数结构\07-项目文档\项目总览\抽象代数结构全面分析计划-2025年1月.md,docs,True
docs\00-全局文档索引-2025年12月.md,docs,抽象代数结构全面分析项目100%完成确认书,./02-代数结构/07-项目文档/总结报告/项目100%完成确认书.md,docs\02-代数结构\07-项目文档\总结报告\项目100%完成确认书.md,docs,True
docs\00-全局文档索引-2025年12月.md,docs,抽象代数结构全面分析项目完成报告 - 最终版,./02-代数结构/07-项目文档/总结报告/项目完成报告-最终版.md,docs\02-代数结构\07-项目文档\总结报告\项目完成报告-最终版.md,docs,True
docs\00-全局文档索引-2025年12月.md,docs,抽象代数结构全面分析项目完成状态报告,./02-代数结构/07-项目文档/总结报告/项目完成状态报告.md,docs\02-代数结构\07-项目文档\总结报告\项目完成状态报告.md,docs,True
docs\00-全局文档索引-2025年12月.md,docs,抽象代数结构全面分析项目最终总结,./02-代数结构/07-项目文档/总结报告/抽象代数结构全面分析项目最终总结.md,docs\02-代数结构\07-项目文档\总结报告\抽象代数结构全面分析项目最终总结.md,docs,True
docs\00-全局文档索引-2025年12月.md,docs,代数几何应用案例库-深化扩展版,./02-代数结构/03-应用分析/综合应用/代数几何应用案例库-深化扩展版.md,docs\02-代数结构\03-应用分析\综合应用\代数几何应用案例库-深化扩展版.md,docs,True
docs\00-全局文档索引-2025年12月.md,docs,代数结构Python实现综合工具 - 国际标准版,./02-代数结构/06-技术实现参考/Python实现/01-Python实现-代数结构综合工具.md,docs\02-代数结构\06-技术实现参考\Python实现\01-Python实现-代数结构综合工具.md,UNKNOWN,False
docs\00-全局文档索引-2025年12月.md,docs,代数结构多表征方式与图建模完善总结,./02-代数结构/01-理论基础/代数结构多表征方式与图建模完善总结.md,docs\02-代数结构\01-理论基础\代数结构多表征方式与图建模完善总结.md,docs,True
docs\00-全局文档索引-2025年12月.md,docs,代数结构论证体系总结 - 国际标准版,./01-基础数学/序关系论证体系/00-总结报告-国际标准版.md,docs\01-基础数学\序关系论证体系\00-总结报告-国际标准版.md,docs,True
docs\00-全局文档索引-2025年12月.md,docs,代数结构知识梳理与全面分析项目,./README.md,docs\README.md,docs,True
docs\00-全局文档索引-2025年12月.md,docs,代数结构知识梳理与全面分析项目,./README.md,docs\README.md,docs,True
docs\00-全局文档索引-2025年12月.md,docs,代数结构知识梳理与全面分析项目文档索引,./02-代数结构/00-项目总览/00-文档索引.md,docs\02-代数结构\00-项目总览\00-文档索引.md,docs,True
docs\00-全局文档索引-2025年12月.md,docs,代数结构知识梳理与全面分析项目总览,./00-项目总览.md,docs\00-项目总览.md,docs,True
docs\00-全局文档索引-2025年12月.md,docs,第二阶段执行：模型分层比较,./02-代数结构/04-知识梳理/第二阶段执行-模型分层比较.md,docs\02-代数结构\04-知识梳理\第二阶段执行-模型分层比较.md,docs,True
docs\00-全局文档索引-2025年12月.md,docs,第六阶段执行：形式化实现,./02-代数结构/05-形式化实现/第六阶段执行-形式化实现.md,docs\02-代数结构\05-形式化实现\第六阶段执行-形式化实现.md,docs,True
docs\00-全局文档索引-2025年12月.md,docs,第三阶段执行：多表征方式对比,./02-代数结构/04-知识梳理/第三阶段执行-多表征方式对比.md,docs\02-代数结构\04-知识梳理\第三阶段执行-多表征方式对比.md,docs,True
docs\00-全局文档索引-2025年12月.md,docs,第四阶段执行：国际标准对照,./02-代数结构/04-知识梳理/第四阶段执行-国际标准对照.md,docs\02-代数结构\04-知识梳理\第四阶段执行-国际标准对照.md,docs,True
docs\00-全局文档索引-2025年12月.md,docs,第五阶段执行：应用场景分析,./02-代数结构/03-应用分析/第五阶段执行-应用场景分析.md,docs\02-代数结构\03-应用分析\第五阶段执行-应用场景分析.md,docs,True
docs\00-全局文档索引-2025年12月.md,docs,第一阶段执行：基础结构关系分析,./02-代数结构/04-知识梳理/第一阶段执行-基础结构关系分析.md,docs\02-代数结构\04-知识梳理\第一阶段执行-基础结构关系分析.md,docs,True
docs\00-全局文档索引-2025年12月.md,docs,范畴论 - 增强版,./02-代数结构/02-核心理论/范畴论/06-范畴论-增强版.md,docs\02-代数结构\02-核心理论\范畴论\06-范畴论-增强版.md,docs,True
docs\00-全局文档索引-2025年12月.md,docs,范畴论-深度扩展版,./02-代数结构/02-核心理论/范畴论/06-范畴论-深度扩展版.md,docs\02-代数结构\02-核心理论\范畴论\06-范畴论-深度扩展版.md,docs,True
docs\00-全局文档索引-2025年12月.md,docs,范畴论算法Python实现 - 国际标准版,./02-代数结构/06-技术实现参考/Python实现/范畴论/07-Python实现-范畴论算法.md,docs\02-代数结构\06-技术实现参考\Python实现\范畴论\07-Python实现-范畴论算法.md,UNKNOWN,False
docs\00-全局文档索引-2025年12月.md,docs,环论 - Lean4形式化实现,./02-代数结构/05-形式化实现/环论/Lean4形式化实现-环论.md,docs\02-代数结构\05-形式化实现\环论\Lean4形式化实现-环论.md,docs,True
docs\00-全局文档索引-2025年12月.md,docs,环论 - 增强版,./02-代数结构/02-核心理论/环论/02-环论-增强版.md,docs\02-代数结构\02-核心理论\环论\02-环论-增强版.md,docs,True
docs\00-全局文档索引-2025年12月.md,docs,环论分支项目总结报告 - 国际标准版,./02-代数结构/07-项目文档/领域总结/环论/08-环论-项目总结报告.md,docs\02-代数结构\07-项目文档\领域总结\环论\08-环论-项目总结报告.md,UNKNOWN,False
docs\00-全局文档索引-2025年12月.md,docs,环论-深度扩展版,./02-代数结构/03-应用分析/环论应用/02-环论应用-代数几何版.md,docs\02-代数结构\03-应用分析\环论应用\02-环论应用-代数几何版.md,docs,True
docs\00-全局文档索引-2025年12月.md,docs,环论-深度扩展版,./02-代数结构/02-核心理论/环论/02-环论-深度扩展版.md,docs\02-代数结构\02-核心理论\环论\02-环论-深度扩展版.md,docs,True
docs\00-全局文档索引-2025年12月.md,docs,环论-深度扩展版,./02-代数结构/02-核心理论/环论/环论-深度扩展版.md,docs\02-代数结构\02-核心理论\环论\环论-深度扩展版.md,docs,True
docs\00-全局文档索引-2025年12月.md,docs,环论深化扩展版,./02-代数结构/02-核心理论/环论/02-环论-深化扩展版.md,docs\02-代数结构\02-核心理论\环论\02-环论-深化扩展版.md,docs,True
docs\00-全局文档索引-2025年12月.md,docs,环论算法Python实现 - 国际标准版,./02-代数结构/06-技术实现参考/Python实现/环论/07-Python实现-环论算法.md,docs\02-代数结构\06-技术实现参考\Python实现\环论\07-Python实现-环论算法.md,UNKNOWN,False
docs\00-全局文档索引-2025年12月.md,docs,环论应用案例,./02-代数结构/03-应用分析/环论应用/环论应用案例.md,docs\02-代数结构\03-应用分析\环论应用\环论应用案例.md,docs,True
docs\00-全局文档索引-2025年12月.md,docs,环论应用-代数编码版 - 国际标准版,./02-代数结构/03-应用分析/环论应用/05-环论应用-代数编码版.md,docs\02-代数结构\03-应用分析\环论应用\05-环论应用-代数编码版.md,docs,True
docs\00-全局文档索引-2025年12月.md,docs,环论应用-密码学版 - 国际标准版,./02-代数结构/03-应用分析/环论应用/04-环论应用-密码学版.md,docs\02-代数结构\03-应用分析\环论应用\04-环论应用-密码学版.md,docs,True
docs\00-全局文档索引-2025年12月.md,docs,环论应用-数论版 - 国际标准版,./02-代数结构/03-应用分析/环论应用/03-环论应用-数论版.md,docs\02-代数结构\03-应用分析\环论应用\03-环论应用-数论版.md,docs,True
docs\00-全局文档索引-2025年12月.md,docs,交换代数核心 - 深度扩展版,./02-代数结构/02-核心理论/交换代数/01-交换代数核心-深度扩展版.md,docs\02-代数结构\02-核心理论\交换代数\01-交换代数核心-深度扩展版.md,docs,True
docs\00-全局文档索引-2025年12月.md,docs,教学资源,./README.md,docs\README.md,docs,True
docs\00-全局文档索引-2025年12月.md,docs,李代数 - 增强版,./02-代数结构/02-核心理论/李代数/05-李代数-增强版.md,docs\02-代数结构\02-核心理论\李代数\05-李代数-增强版.md,docs,True
docs\00-全局文档索引-2025年12月.md,docs,李代数分支项目总结报告 / Lie Algebra Branch Project Summary Report,./02-代数结构/07-项目文档/领域总结/李代数/08-李代数-项目总结报告.md,docs\02-代数结构\07-项目文档\领域总结\李代数\08-李代数-项目总结报告.md,UNKNOWN,False
docs\00-全局文档索引-2025年12月.md,docs,李代数-深度扩展版,./02-代数结构/02-核心理论/李代数/05-李代数-深度扩展版.md,docs\02-代数结构\02-核心理论\李代数\05-李代数-深度扩展版.md,docs,True
docs\00-全局文档索引-2025年12月.md,docs,李代数应用：表示论 / Lie Algebra Applications: Representation Theory,./02-代数结构/03-应用分析/李代数应用/04-李代数应用-表示论版.md,docs\02-代数结构\03-应用分析\李代数应用\04-李代数应用-表示论版.md,docs,True
docs\00-全局文档索引-2025年12月.md,docs,李代数应用：量子力学 / Lie Algebra Applications: Quantum Mechanics,./02-代数结构/03-应用分析/李代数应用/05-李代数应用-量子力学版.md,docs\02-代数结构\03-应用分析\李代数应用\05-李代数应用-量子力学版.md,docs,True
docs\00-全局文档索引-2025年12月.md,docs,李代数应用：数学物理 / Lie Algebra Applications: Mathematical Physics,./02-代数结构/03-应用分析/李代数应用/02-李代数应用-数学物理版.md,docs\02-代数结构\03-应用分析\李代数应用\02-李代数应用-数学物理版.md,docs,True
docs\00-全局文档索引-2025年12月.md,docs,李代数应用：微分几何 / Lie Algebra Applications: Differential Geometry,./02-代数结构/03-应用分析/李代数应用/03-李代数应用-微分几何版.md,docs\02-代数结构\03-应用分析\李代数应用\03-李代数应用-微分几何版.md,docs,True
docs\00-全局文档索引-2025年12月.md,docs,模论 - 增强版,./02-代数结构/02-核心理论/模论/04-模论-增强版.md,docs\02-代数结构\02-核心理论\模论\04-模论-增强版.md,docs,True
docs\00-全局文档索引-2025年12月.md,docs,模论分支100%完成报告 - 国际标准版,./02-代数结构/07-项目文档/领域总结/模论/模论-100%完成报告.md,docs\02-代数结构\07-项目文档\领域总结\模论\模论-100%完成报告.md,UNKNOWN,False
docs\00-全局文档索引-2025年12月.md,docs,模论分支项目总结报告 - 国际标准版,./02-代数结构/07-项目文档/领域总结/模论/08-模论-项目总结报告.md,docs\02-代数结构\07-项目文档\领域总结\模论\08-模论-项目总结报告.md,UNKNOWN,False
docs\00-全局文档索引-2025年12月.md,docs,模论-深度扩展版,./02-代数结构/02-核心理论/模论/01-模论-国际标准深度扩展版.md,docs\02-代数结构\02-核心理论\模论\01-模论-国际标准深度扩展版.md,docs,True
docs\00-全局文档索引-2025年12月.md,docs,模论-深度扩展版 / Module Theory - Deep Extension Version,./02-代数结构/02-核心理论/模论/模论-深度扩展版.md,docs\02-代数结构\02-核心理论\模论\模论-深度扩展版.md,docs,True
docs\00-全局文档索引-2025年12月.md,docs,模论应用案例 / Module Theory Applications,./02-代数结构/03-应用分析/模论应用/02-模论应用-表示论版.md,docs\02-代数结构\03-应用分析\模论应用\02-模论应用-表示论版.md,docs,True
docs\00-全局文档索引-2025年12月.md,docs,模论应用-代数几何版 - 国际标准版,./02-代数结构/03-应用分析/模论应用/04-模论应用-代数几何版.md,docs\02-代数结构\03-应用分析\模论应用\04-模论应用-代数几何版.md,docs,True
docs\00-全局文档索引-2025年12月.md,docs,模论应用-代数拓扑版 - 国际标准版,./02-代数结构/03-应用分析/模论应用/05-模论应用-代数拓扑版.md,docs\02-代数结构\03-应用分析\模论应用\05-模论应用-代数拓扑版.md,docs,True
docs\00-全局文档索引-2025年12月.md,docs,模论应用-同调代数版 - 国际标准版,./02-代数结构/03-应用分析/模论应用/03-模论应用-同调代数版.md,docs\02-代数结构\03-应用分析\模论应用\03-模论应用-同调代数版.md,docs,True
docs\00-全局文档索引-2025年12月.md,docs,群论 - 深度扩展版,./02-代数结构/02-核心理论/群论/01-群论-深度扩展版.md,docs\02-代数结构\02-核心理论\群论\01-群论-深度扩展版.md,docs,True
docs\00-全局文档索引-2025年12月.md,docs,群论 - 深度扩展版,./02-代数结构/02-核心理论/群论/03-群论-深度扩展版.md,docs\02-代数结构\02-核心理论\群论\03-群论-深度扩展版.md,docs,True
docs\00-全局文档索引-2025年12月.md,docs,群论 - 增强版,./02-代数结构/02-核心理论/群论/01-群论-增强版.md,docs\02-代数结构\02-核心理论\群论\01-群论-增强版.md,docs,True
docs\00-全局文档索引-2025年12月.md,docs,群论 - 增强版,./02-代数结构/02-核心理论/群论/02-群论-增强版.md,docs\02-代数结构\02-核心理论\群论\02-群论-增强版.md,docs,True
docs\00-全局文档索引-2025年12月.md,docs,群论分支项目总结报告 - 国际标准版,./02-代数结构/07-项目文档/领域总结/群论/08-群论-项目总结报告.md,docs\02-代数结构\07-项目文档\领域总结\群论\08-群论-项目总结报告.md,UNKNOWN,False
docs\00-全局文档索引-2025年12月.md,docs,群论算法Python实现 - 国际标准版,./02-代数结构/06-技术实现参考/Python实现/群论/07-Python实现-群论算法.md,docs\02-代数结构\06-技术实现参考\Python实现\群论\07-Python实现-群论算法.md,UNKNOWN,False
docs\00-全局文档索引-2025年12月.md,docs,群论应用-计算机科学版 / Group Theory Applications in Computer Science,./02-代数结构/03-应用分析/群论应用/03-群论应用-计算机科学版.md,docs\02-代数结构\03-应用分析\群论应用\03-群论应用-计算机科学版.md,docs,True
docs\00-全局文档索引-2025年12月.md,docs,群论应用-量子计算版 / Group Theory Applications in Quantum Computing,./02-代数结构/03-应用分析/群论应用/05-群论应用-量子计算版.md,docs\02-代数结构\03-应用分析\群论应用\05-群论应用-量子计算版.md,docs,True
docs\00-全局文档索引-2025年12月.md,docs,数值线性代数 - 国际标准版,./02-代数结构/06-技术实现参考/数值计算/04-数值线性代数-国际标准版.md,docs\02-代数结构\06-技术实现参考\数值计算\04-数值线性代数-国际标准版.md,docs,True
docs\00-全局文档索引-2025年12月.md,docs,文档归档总结,./02-代数结构/归档总结.md,docs\02-代数结构\归档总结.md,docs,True
docs\00-全局文档索引-2025年12月.md,docs,线性代数应用 - 机器学习版,./02-代数结构/03-应用分析/线性代数应用/05-线性代数应用-机器学习版.md,docs\02-代数结构\03-应用分析\线性代数应用\05-线性代数应用-机器学习版.md,docs,True
docs\00-全局文档索引-2025年12月.md,docs,线性代数应用 - 量子计算版,./02-代数结构/03-应用分析/线性代数应用/06-线性代数应用-量子计算版.md,docs\02-代数结构\03-应用分析\线性代数应用\06-线性代数应用-量子计算版.md,docs,True
docs\00-全局文档索引-2025年12月.md,docs,线性代数应用-机器学习版 - 完成报告,./02-代数结构/03-应用分析/线性代数应用/05-线性代数应用-机器学习版-完成报告.md,docs\02-代数结构\03-应用分析\线性代数应用\05-线性代数应用-机器学习版-完成报告.md,docs,True
docs\00-全局文档索引-2025年12月.md,docs,线性代数与高级数系 - 国际标准版,./02-代数结构/02-核心理论/线性代数与矩阵理论/02-线性代数与高级数系-国际标准版.md,docs\02-代数结构\02-核心理论\线性代数与矩阵理论\02-线性代数与高级数系-国际标准版.md,docs,True
docs\00-全局文档索引-2025年12月.md,docs,线性代数与矩阵理论 - 国际标准深度扩展版,./02-代数结构/02-核心理论/线性代数与矩阵理论/01-线性代数与矩阵理论-国际标准深度扩展版.md,docs\02-代数结构\02-核心理论\线性代数与矩阵理论\01-线性代数与矩阵理论-国际标准深度扩展版.md,docs,True
docs\00-全局文档索引-2025年12月.md,docs,域论 - 增强版,./02-代数结构/02-核心理论/域论/域论-增强版.md,docs\02-代数结构\02-核心理论\域论\域论-增强版.md,docs,True
docs\00-全局文档索引-2025年12月.md,docs,域论分支 - 100%完成总结报告 / Field Theory Branch - 100% Completion Summary Report,./02-代数结构/07-项目文档/领域总结/域论/08-域论-项目总结报告.md,docs\02-代数结构\07-项目文档\领域总结\域论\08-域论-项目总结报告.md,UNKNOWN,False
docs\00-全局文档索引-2025年12月.md,docs,域论-深度扩展版,./02-代数结构/02-核心理论/域论/域论-深度扩展版.md,docs\02-代数结构\02-核心理论\域论\域论-深度扩展版.md,docs,True
docs\00-全局文档索引-2025年12月.md,docs,域论应用：编码理论 / Field Theory Applications: Coding Theory,./02-代数结构/03-应用分析/域论应用/04-域论应用-编码理论版.md,docs\02-代数结构\03-应用分析\域论应用\04-域论应用-编码理论版.md,docs,True
docs\00-全局文档索引-2025年12月.md,docs,域论应用：代数数论 / Field Theory Applications: Algebraic Number Theory,./02-代数结构/03-应用分析/域论应用/03-域论应用-代数数论版.md,docs\02-代数结构\03-应用分析\域论应用\03-域论应用-代数数论版.md,docs,True
docs\00-全局文档索引-2025年12月.md,docs,域论应用：伽罗瓦理论 / Field Theory Applications: Galois Theory,./02-代数结构/03-应用分析/域论应用/02-域论应用-伽罗瓦理论版.md,docs\02-代数结构\03-应用分析\域论应用\02-域论应用-伽罗瓦理论版.md,docs,True
docs\00-全局文档索引-2025年12月.md,docs,域论应用：密码学 / Field Theory Applications: Cryptography,./02-代数结构/03-应用分析/域论应用/05-域论应用-密码学版.md,docs\02-代数结构\03-应用分析\域论应用\05-域论应用-密码学版.md,docs,True
docs\00-全局文档索引-2025年12月.md,docs,2. 复分析 / Complex Analysis,./03-分析学/02-复分析/02-复分析.md,docs\03-分析学\02-复分析\02-复分析.md,docs,True
docs\00-全局文档索引-2025年12月.md,docs,3. 泛函分析 / Functional Analysis,./03-分析学/03-泛函分析/03-泛函分析.md,docs\03-分析学\03-泛函分析\03-泛函分析.md,docs,True
docs\00-全局文档索引-2025年12月.md,docs,3. 现代位势理论 / Modern Potential Theory,./03-分析学/04-调和分析/调和分析-深度扩展版.md,docs\03-分析学\04-调和分析\调和分析-深度扩展版.md,docs,True
docs\00-全局文档索引-2025年12月.md,docs,3.1 实分析 / Real Analysis,./03-分析学/01-实分析/01-实分析.md,docs\03-分析学\01-实分析\01-实分析.md,docs,True
docs\00-全局文档索引-2025年12月.md,docs,4. 调和分析 / Harmonic Analysis,./03-分析学/04-调和分析/04-调和分析.md,docs\03-分析学\04-调和分析\04-调和分析.md,docs,True
docs\00-全局文档索引-2025年12月.md,docs,5. 微分方程 / Differential Equations,./03-分析学/05-微分方程/05-微分方程.md,docs\03-分析学\05-微分方程\05-微分方程.md,docs,True
docs\00-全局文档索引-2025年12月.md,docs,Lebesgue积分 - 深度扩展版,./03-分析学/01-实分析/02-Lebesgue积分-深度扩展版.md,docs\03-分析学\01-实分析\02-Lebesgue积分-深度扩展版.md,docs,True
docs\00-全局文档索引-2025年12月.md,docs,调和分析 - Lean4形式化实现 / Harmonic Analysis - Lean4 Formalization,./03-分析学/04-调和分析/Lean4形式化实现-调和分析.md,docs\03-分析学\04-调和分析\Lean4形式化实现-调和分析.md,docs,True
docs\00-全局文档索引-2025年12月.md,docs,调和分析 - 增强版,./03-分析学/04-调和分析/04-调和分析-增强版.md,docs\03-分析学\04-调和分析\04-调和分析-增强版.md,docs,True
docs\00-全局文档索引-2025年12月.md,docs,调和分析深度扩展版,./03-分析学/04-调和分析/04-调和分析-深度扩展版.md,docs\03-分析学\04-调和分析\04-调和分析-深度扩展版.md,docs,True
docs\00-全局文档索引-2025年12月.md,docs,调和分析应用案例 - 深度扩展版 / Harmonic Analysis Applications - Deep Extension,./03-分析学/04-调和分析/调和分析应用案例-深度扩展版.md,docs\03-分析学\04-调和分析\调和分析应用案例-深度扩展版.md,docs,True
docs\00-全局文档索引-2025年12月.md,docs,泛函分析 - 增强版,./03-分析学/03-泛函分析/03-泛函分析-增强版.md,docs\03-分析学\03-泛函分析\03-泛函分析-增强版.md,docs,True
docs\00-全局文档索引-2025年12月.md,docs,泛函分析三大定理 - 深度扩展版,./03-分析学/03-泛函分析/04-泛函分析三大定理-深度扩展版.md,docs\03-分析学\03-泛函分析\04-泛函分析三大定理-深度扩展版.md,docs,True
docs\00-全局文档索引-2025年12月.md,docs,泛函分析深度扩展版,./03-分析学/03-泛函分析/03-泛函分析-深度扩展版.md,docs\03-分析学\03-泛函分析\03-泛函分析-深度扩展版.md,docs,True
docs\00-全局文档索引-2025年12月.md,docs,非标准微积分与标准微积分等价性 - 深度扩展版,./03-分析学/微积分与非标准微积分/07-非标准微积分与标准微积分等价性-深度扩展版.md,docs\03-分析学\微积分与非标准微积分\07-非标准微积分与标准微积分等价性-深度扩展版.md,docs,True
docs\00-全局文档索引-2025年12月.md,docs,非标准微积分与标准微积分等价性 - 哲学深化版,./03-分析学/微积分与非标准微积分/07-非标准微积分与标准微积分等价性-哲学深化版.md,docs\03-分析学\微积分与非标准微积分\07-非标准微积分与标准微积分等价性-哲学深化版.md,docs,True
docs\00-全局文档索引-2025年12月.md,docs,非标准微积分与标准微积分对比分析完整成果报告,./03-分析学/微积分与非标准微积分/非标准微积分与标准微积分对比分析完整成果报告.md,docs\03-分析学\微积分与非标准微积分\非标准微积分与标准微积分对比分析完整成果报告.md,docs,True
docs\00-全局文档索引-2025年12月.md,docs,非标准微积分与标准微积分完整对比与语义联系分析 - 全面深化版,./03-分析学/微积分与非标准微积分/09-非标准微积分与标准微积分完整对比与语义联系分析-全面深化版.md,docs\03-分析学\微积分与非标准微积分\09-非标准微积分与标准微积分完整对比与语义联系分析-全面深化版.md,docs,True
docs\00-全局文档索引-2025年12月.md,docs,非标准微积分与标准微积分形式语言可计算性分析 - 程序编码实现性视角,./03-分析学/微积分与非标准微积分/非标准微积分与标准微积分形式语言可计算性分析-程序编码实现性视角.md,docs\03-分析学\微积分与非标准微积分\非标准微积分与标准微积分形式语言可计算性分析-程序编码实现性视角.md,docs,True
docs\00-全局文档索引-2025年12月.md,docs,非标准微积分与标准微积分形式语言可计算性分析 - 程序编码实现性视角 - 进度报告,./03-分析学/微积分与非标准微积分/非标准微积分与标准微积分形式语言可计算性分析-程序编码实现性视角-进度报告.md,docs\03-分析学\微积分与非标准微积分\非标准微积分与标准微积分形式语言可计算性分析-程序编码实现性视角-进度报告.md,docs,True
docs\00-全局文档索引-2025年12月.md,docs,非标准微积分与标准微积分语义联系与对比分析 - 深度扩展版,./03-分析学/微积分与非标准微积分/08-非标准微积分与标准微积分语义联系与对比分析-深度扩展版.md,docs\03-分析学\微积分与非标准微积分\08-非标准微积分与标准微积分语义联系与对比分析-深度扩展版.md,docs,True
docs\00-全局文档索引-2025年12月.md,docs,非标准微积分与标准微积分哲学认知与语义深化分析 - 前沿扩展版,./03-分析学/微积分与非标准微积分/10-非标准微积分与标准微积分哲学认知与语义深化分析-前沿扩展版.md,docs\03-分析学\微积分与非标准微积分\10-非标准微积分与标准微积分哲学认知与语义深化分析-前沿扩展版.md,docs,True
docs\00-全局文档索引-2025年12月.md,docs,分析学形式化完善报告 / Analysis Formalization Improvement Report,./03-分析学/分析学形式化完善报告.md,docs\03-分析学\分析学形式化完善报告.md,docs,True
docs\00-全局文档索引-2025年12月.md,docs,复分析 - 增强版,./03-分析学/02-复分析/02-复分析-增强版.md,docs\03-分析学\02-复分析\02-复分析-增强版.md,docs,True
docs\00-全局文档索引-2025年12月.md,docs,复分析核心定理 - 深度扩展版,./03-分析学/02-复分析/03-复分析核心定理-深度扩展版.md,docs\03-分析学\02-复分析\03-复分析核心定理-深度扩展版.md,docs,True
docs\00-全局文档索引-2025年12月.md,docs,复分析深度扩展版,./03-分析学/02-复分析/02-复分析-深度扩展版.md,docs\03-分析学\02-复分析\02-复分析-深度扩展版.md,docs,True
docs\00-全局文档索引-2025年12月.md,docs,偏微分方程核心 - 深度扩展版,./03-分析学/06-偏微分方程/01-偏微分方程核心-深度扩展版.md,docs\03-分析学\06-偏微分方程\01-偏微分方程核心-深度扩展版.md,docs,True
docs\00-全局文档索引-2025年12月.md,docs,实分析 - 深度扩展版,./03-分析学/01-实分析/01-实分析-深度扩展版.md,docs\03-分析学\01-实分析\01-实分析-深度扩展版.md,docs,True
docs\00-全局文档索引-2025年12月.md,docs,实分析 - 增强版,./03-分析学/01-实分析/01-实分析-增强版.md,docs\03-分析学\01-实分析\01-实分析-增强版.md,docs,True
docs\00-全局文档索引-2025年12月.md,docs,微分方程 - Lean4形式化实现 / Differential Equations - Lean4 Formalization,./03-分析学/05-微分方程/Lean4形式化实现-微分方程.md,docs\03-分析学\05-微分方程\Lean4形式化实现-微分方程.md,docs,True
docs\00-全局文档索引-2025年12月.md,docs,微分方程 - 深度扩展版 / Differential Equations - Deep Extension,./03-分析学/05-微分方程/微分方程-深度扩展版.md,docs\03-分析学\05-微分方程\微分方程-深度扩展版.md,docs,True
docs\00-全局文档索引-2025年12月.md,docs,微分方程 - 增强版,./03-分析学/05-微分方程/05-微分方程-增强版.md,docs\03-分析学\05-微分方程\05-微分方程-增强版.md,docs,True
docs\00-全局文档索引-2025年12月.md,docs,微分方程深度扩展版,./03-分析学/05-微分方程/05-微分方程-深度扩展版.md,docs\03-分析学\05-微分方程\05-微分方程-深度扩展版.md,docs,True
docs\00-全局文档索引-2025年12月.md,docs,微分方程应用案例 - 深度扩展版 / Differential Equations Applications - Deep Extension,./03-分析学/05-微分方程/微分方程应用案例-深度扩展版.md,docs\03-分析学\05-微分方程\微分方程应用案例-深度扩展版.md,docs,True
docs\00-全局文档索引-2025年12月.md,docs,微积分与非标准微积分对比分析项目完成报告,./03-分析学/微积分与非标准微积分/微积分与非标准微积分对比分析项目完成报告.md,docs\03-分析学\微积分与非标准微积分\微积分与非标准微积分对比分析项目完成报告.md,docs,True
docs\00-全局文档索引-2025年12月.md,docs,微积分与非标准微积分公理定理推理系统完整对比分析 - 全面深化版,./03-分析学/微积分与非标准微积分/11-微积分与非标准微积分公理定理推理系统完整对比分析-全面深化版.md,docs\03-分析学\微积分与非标准微积分\11-微积分与非标准微积分公理定理推理系统完整对比分析-全面深化版.md,docs,True
docs\00-全局文档索引-2025年12月.md,docs,微积分与非标准微积分公理系统外部外延性分析 - 跨学科实证版,./03-分析学/微积分与非标准微积分/15-微积分与非标准微积分公理系统外部外延性分析-跨学科实证版.md,docs\03-分析学\微积分与非标准微积分\15-微积分与非标准微积分公理系统外部外延性分析-跨学科实证版.md,docs,True
docs\00-全局文档索引-2025年12月.md,docs,微积分与非标准微积分公理系统外部外延性实证研究 - 实验验证版,./03-分析学/微积分与非标准微积分/16-微积分与非标准微积分公理系统外部外延性实证研究-实验验证版.md,docs\03-分析学\微积分与非标准微积分\16-微积分与非标准微积分公理系统外部外延性实证研究-实验验证版.md,docs,True
docs\00-全局文档索引-2025年12月.md,docs,微积分与非标准微积分公理系统完整对比分析 - 系统深化版,./03-分析学/微积分与非标准微积分/13-微积分与非标准微积分公理系统完整对比分析-系统深化版.md,docs\03-分析学\微积分与非标准微积分\13-微积分与非标准微积分公理系统完整对比分析-系统深化版.md,docs,True
docs\00-全局文档索引-2025年12月.md,docs,微积分与非标准微积分推理系统与证明方法深度对比分析 - 技术实现版,./03-分析学/微积分与非标准微积分/12-微积分与非标准微积分推理系统与证明方法深度对比分析-技术实现版.md,docs\03-分析学\微积分与非标准微积分\12-微积分与非标准微积分推理系统与证明方法深度对比分析-技术实现版.md,docs,True
docs\00-全局文档索引-2025年12月.md,docs,微积分与非标准微积分完整对比分析综合报告 - 最终版,./03-分析学/微积分与非标准微积分/14-微积分与非标准微积分完整对比分析综合报告-最终版.md,docs\03-分析学\微积分与非标准微积分\14-微积分与非标准微积分完整对比分析综合报告-最终版.md,docs,True
docs\00-全局文档索引-2025年12月.md,docs,11. 算术几何 / Arithmetic Geometry,./11-高级数学/11-算术几何.md,docs\11-高级数学\11-算术几何.md,docs,True
docs\00-全局文档索引-2025年12月.md,docs,11.1 代数几何高级主题 / Advanced Topics in Algebraic Geometry,./11-高级数学/01-代数几何高级主题.md,docs\11-高级数学\01-代数几何高级主题.md,docs,True
docs\00-全局文档索引-2025年12月.md,docs,11.10 朗兰兹纲领 / Langlands Program,./11-高级数学/10-朗兰兹纲领.md,docs\11-高级数学\10-朗兰兹纲领.md,docs,True
docs\00-全局文档索引-2025年12月.md,docs,11.16 数学物理前沿理论 / Frontiers of Mathematical Physics,./11-高级数学/16-数学物理前沿理论.md,docs\11-高级数学\16-数学物理前沿理论.md,docs,True
docs\00-全局文档索引-2025年12月.md,docs,11.17 高阶代数几何 / Higher Algebraic Geometry,./11-高级数学/17-高阶代数几何.md,docs\11-高级数学\17-高阶代数几何.md,docs,True
docs\00-全局文档索引-2025年12月.md,docs,11.18 现代数论前沿 / Modern Number Theory Frontiers,./11-高级数学/18-现代数论前沿.md,docs\11-高级数学\18-现代数论前沿.md,docs,True
docs\00-全局文档索引-2025年12月.md,docs,11.19 现代拓扑学前沿 / Modern Topology Frontiers,./11-高级数学/19-现代拓扑学前沿.md,docs\11-高级数学\19-现代拓扑学前沿.md,docs,True
docs\00-全局文档索引-2025年12月.md,docs,11.2 同伦论高级主题 / Advanced Topics in Homotopy Theory,./11-高级数学/02-同伦论高级主题.md,docs\11-高级数学\02-同伦论高级主题.md,docs,True
docs\00-全局文档索引-2025年12月.md,docs,11.20 现代分析学前沿 / Modern Analysis Frontiers,./11-高级数学/20-现代分析学前沿.md,docs\11-高级数学\20-现代分析学前沿.md,docs,True
docs\00-全局文档索引-2025年12月.md,docs,11.3 数论几何高级主题 / Advanced Topics in Arithmetic Geometry,./11-高级数学/03-数论几何高级主题.md,docs\11-高级数学\03-数论几何高级主题.md,docs,True
docs\00-全局文档索引-2025年12月.md,docs,11.4 数学物理高级主题 / Advanced Topics in Mathematical Physics,./11-高级数学/04-数学物理高级主题.md,docs\11-高级数学\04-数学物理高级主题.md,docs,True
docs\00-全局文档索引-2025年12月.md,docs,11.5 导出代数几何 / Derived Algebraic Geometry,./11-高级数学/05-导出代数几何.md,docs\11-高级数学\05-导出代数几何.md,docs,True
docs\00-全局文档索引-2025年12月.md,docs,11.7 高阶同伦论 / Higher Homotopy Theory,./11-高级数学/07-高阶同伦论.md,docs\11-高级数学\07-高阶同伦论.md,docs,True
docs\00-全局文档索引-2025年12月.md,docs,11.8 代数K理论 / Algebraic K-Theory,./11-高级数学/08-代数K理论.md,docs\11-高级数学\08-代数K理论.md,docs,True
docs\00-全局文档索引-2025年12月.md,docs,11.9 数学物理高级主题-扩展版 / Advanced Topics in Mathematical Physics - Extended Version,./11-高级数学/09-数学物理高级主题-扩展版.md,docs\11-高级数学\09-数学物理高级主题-扩展版.md,docs,True
docs\00-全局文档索引-2025年12月.md,docs,12. 几何朗兰兹纲领 / Geometric Langlands Program,./11-高级数学/12-几何朗兰兹纲领.md,docs\11-高级数学\12-几何朗兰兹纲领.md,docs,True
docs\00-全局文档索引-2025年12月.md,docs,13. 量子几何朗兰兹纲领 / Quantum Geometric Langlands Program,./11-高级数学/13-量子几何朗兰兹纲领.md,docs\11-高级数学\13-量子几何朗兰兹纲领.md,docs,True
docs\00-全局文档索引-2025年12月.md,docs,14. 范畴化朗兰兹纲领 / Categorified Langlands Program,./11-高级数学/14-范畴化朗兰兹纲领.md,docs\11-高级数学\14-范畴化朗兰兹纲领.md,docs,True
docs\00-全局文档索引-2025年12月.md,docs,15. 同伦类型论 / Homotopy Type Theory,./11-高级数学/15-同伦类型论.md,docs\11-高级数学\15-同伦类型论.md,docs,True
docs\00-全局文档索引-2025年12月.md,docs,24. 量子数学 / Quantum Mathematics,./11-高级数学/24-量子数学.md,docs\11-高级数学\24-量子数学.md,docs,True
docs\00-全局文档索引-2025年12月.md,docs,25. 机器学习数学 / Machine Learning Mathematics,./11-高级数学/25-机器学习数学.md,docs\11-高级数学\25-机器学习数学.md,docs,True
docs\00-全局文档索引-2025年12月.md,docs,26. 数据科学数学 / Data Science Mathematics,./11-高级数学/26-数据科学数学.md,docs\11-高级数学\26-数据科学数学.md,docs,True
docs\00-全局文档索引-2025年12月.md,docs,6. 无穷范畴理论 / Infinity Category Theory,./11-高级数学/06-无穷范畴理论.md,docs\11-高级数学\06-无穷范畴理论.md,docs,True
docs\00-全局文档索引-2025年12月.md,docs,代数几何 深度扩展执行清单,./11-高级数学/代数几何-深度扩展执行清单.md,docs\11-高级数学\代数几何-深度扩展执行清单.md,docs,True
docs\00-全局文档索引-2025年12月.md,docs,代数几何：Serre 对偶 - 深度扩展,./11-高级数学/代数几何-Serre对偶-深度扩展.md,docs\11-高级数学\代数几何-Serre对偶-深度扩展.md,docs,True
docs\00-全局文档索引-2025年12月.md,docs,代数几何高级主题 - 深化版,./11-高级数学/27-代数几何高级主题-深化版.md,docs\11-高级数学\27-代数几何高级主题-深化版.md,docs,True
docs\00-全局文档索引-2025年12月.md,docs,机器学习数学 - 深化版,./11-高级数学/29-机器学习数学-深化版.md,docs\11-高级数学\29-机器学习数学-深化版.md,docs,True
docs\00-全局文档索引-2025年12月.md,docs,金融数学 - 深化版,./11-高级数学/32-金融数学-深化版.md,docs\11-高级数学\32-金融数学-深化版.md,docs,True
docs\00-全局文档索引-2025年12月.md,docs,量子数学 - 深化版,./11-高级数学/28-量子数学-深化版.md,docs\11-高级数学\28-量子数学-深化版.md,docs,True
docs\00-全局文档索引-2025年12月.md,docs,人工智能数学 - 深化版,./11-高级数学/33-人工智能数学-深化版.md,docs\11-高级数学\33-人工智能数学-深化版.md,docs,True
docs\00-全局文档索引-2025年12月.md,docs,生物数学 - 深化版,./11-高级数学/34-生物数学-深化版.md,docs\11-高级数学\34-生物数学-深化版.md,docs,True
docs\00-全局文档索引-2025年12月.md,docs,数据科学数学 - 深化版,./11-高级数学/30-数据科学数学-深化版.md,docs\11-高级数学\30-数据科学数学-深化版.md,docs,True
docs\00-全局文档索引-2025年12月.md,docs,物理数学 - 深化版,./11-高级数学/31-物理数学-深化版.md,docs\11-高级数学\31-物理数学-深化版.md,docs,True
docs\00-全局文档索引-2025年12月.md,docs,现代代数几何前沿,./11-高级数学/21-现代代数几何前沿.md,docs\11-高级数学\21-现代代数几何前沿.md,docs,True
docs\00-全局文档索引-2025年12月.md,docs,现代分析学前沿-扩展版,./11-高级数学/23-现代分析学前沿-扩展版.md,docs\11-高级数学\23-现代分析学前沿-扩展版.md,docs,True
docs\00-全局文档索引-2025年12月.md,docs,现代拓扑学前沿-扩展版,./11-高级数学/22-现代拓扑学前沿-扩展版.md,docs\11-高级数学\22-现代拓扑学前沿-扩展版.md,docs,True
docs\00-全局文档索引-2025年12月.md,docs,Artin-Wedderburn定理 - 五种表征,./00-核心概念理解三问/11-核心定理多表征/44-Artin-Wedderburn定理-五种表征.md,docs\00-核心概念理解三问\11-核心定理多表征\44-Artin-Wedderburn定理-五种表征.md,docs,True
docs\00-全局文档索引-2025年12月.md,docs,Ascoli-Arzelà定理 - 五种表征,./00-核心概念理解三问/11-核心定理多表征/48-Ascoli-Arzelà定理-五种表征.md,docs\00-核心概念理解三问\11-核心定理多表征\48-Ascoli-Arzelà定理-五种表征.md,docs,True
docs\00-全局文档索引-2025年12月.md,docs,Atiyah-Singer指标定理 - 五种表征,./00-核心概念理解三问/11-核心定理多表征/53-Atiyah-Singer指标定理-五种表征.md,docs\00-核心概念理解三问\11-核心定理多表征\53-Atiyah-Singer指标定理-五种表征.md,docs,True
docs\00-全局文档索引-2025年12月.md,docs,Baire纲定理 - 五种表征,./00-核心概念理解三问/11-核心定理多表征/29-Baire纲定理-五种表征.md,docs\00-核心概念理解三问\11-核心定理多表征\29-Baire纲定理-五种表征.md,docs,True
docs\00-全局文档索引-2025年12月.md,docs,Banach不动点定理 - 五种表征,./00-核心概念理解三问/11-核心定理多表征/45-Banach不动点定理-五种表征.md,docs\00-核心概念理解三问\11-核心定理多表征\45-Banach不动点定理-五种表征.md,docs,True
docs\00-全局文档索引-2025年12月.md,docs,Bolzano-Weierstrass定理 - 五种表征,./00-核心概念理解三问/11-核心定理多表征/65-Bolzano-Weierstrass定理-五种表征.md,docs\00-核心概念理解三问\11-核心定理多表征\65-Bolzano-Weierstrass定理-五种表征.md,docs,True
docs\00-全局文档索引-2025年12月.md,docs,Brouwer不动点定理 - 五种表征,./00-核心概念理解三问/11-核心定理多表征/04-Brouwer不动点定理-五种表征.md,docs\00-核心概念理解三问\11-核心定理多表征\04-Brouwer不动点定理-五种表征.md,docs,True
docs\00-全局文档索引-2025年12月.md,docs,Burnside引理 - 五种表征,./00-核心概念理解三问/11-核心定理多表征/60-Burnside引理-五种表征.md,docs\00-核心概念理解三问\11-核心定理多表征\60-Burnside引理-五种表征.md,docs,True
docs\00-全局文档索引-2025年12月.md,docs,Cantor对角线定理 - 五种表征,./00-核心概念理解三问/11-核心定理多表征/11-Cantor对角线定理-五种表征.md,docs\00-核心概念理解三问\11-核心定理多表征\11-Cantor对角线定理-五种表征.md,docs,True
docs\00-全局文档索引-2025年12月.md,docs,Cauchy积分公式 - 五种表征,./00-核心概念理解三问/11-核心定理多表征/14-Cauchy积分公式-五种表征.md,docs\00-核心概念理解三问\11-核心定理多表征\14-Cauchy积分公式-五种表征.md,docs,True
docs\00-全局文档索引-2025年12月.md,docs,Cayley-Hamilton定理 - 五种表征,./00-核心概念理解三问/11-核心定理多表征/61-Cayley-Hamilton定理-五种表征.md,docs\00-核心概念理解三问\11-核心定理多表征\61-Cayley-Hamilton定理-五种表征.md,docs,True
docs\00-全局文档索引-2025年12月.md,docs,Cayley定理 - 五种表征,./00-核心概念理解三问/11-核心定理多表征/08-Cayley定理-五种表征.md,docs\00-核心概念理解三问\11-核心定理多表征\08-Cayley定理-五种表征.md,docs,True
docs\00-全局文档索引-2025年12月.md,docs,Chevalley-Warning定理 - 五种表征,./00-核心概念理解三问/11-核心定理多表征/80-Chevalley-Warning定理-五种表征.md,docs\00-核心概念理解三问\11-核心定理多表征\80-Chevalley-Warning定理-五种表征.md,docs,True
docs\00-全局文档索引-2025年12月.md,docs,de Rham定理 - 五种表征,./00-核心概念理解三问/11-核心定理多表征/35-de Rham定理-五种表征.md,docs\00-核心概念理解三问\11-核心定理多表征\35-de Rham定理-五种表征.md,docs,True
docs\00-全局文档索引-2025年12月.md,docs,FormalMath概念依赖图谱,./00-核心概念理解三问/12-知识图谱系统/05-可视化/concept-dependency-graph.md,docs\00-核心概念理解三问\12-知识图谱系统\05-可视化\concept-dependency-graph.md,docs,True
docs\00-全局文档索引-2025年12月.md,docs,FormalMath学习路径推荐,./00-核心概念理解三问/12-知识图谱系统/05-可视化/learning-paths.md,docs\00-核心概念理解三问\12-知识图谱系统\05-可视化\learning-paths.md,docs,True
docs\00-全局文档索引-2025年12月.md,docs,Frobenius定理 - 五种表征,./00-核心概念理解三问/11-核心定理多表征/24-Frobenius定理-五种表征.md,docs\00-核心概念理解三问\11-核心定理多表征\24-Frobenius定理-五种表征.md,docs,True
docs\00-全局文档索引-2025年12月.md,docs,Fubini定理 - 五种表征,./00-核心概念理解三问/11-核心定理多表征/33-Fubini定理-五种表征.md,docs\00-核心概念理解三问\11-核心定理多表征\33-Fubini定理-五种表征.md,docs,True
docs\00-全局文档索引-2025年12月.md,docs,Galois基本定理 - 五种表征,./00-核心概念理解三问/11-核心定理多表征/77-Galois基本定理-五种表征.md,docs\00-核心概念理解三问\11-核心定理多表征\77-Galois基本定理-五种表征.md,docs,True
docs\00-全局文档索引-2025年12月.md,docs,Gauss-Bonnet定理 - 五种表征,./00-核心概念理解三问/11-核心定理多表征/12-Gauss-Bonnet定理-五种表征.md,docs\00-核心概念理解三问\11-核心定理多表征\12-Gauss-Bonnet定理-五种表征.md,docs,True
docs\00-全局文档索引-2025年12月.md,docs,Gödel不完备定理 - 五种表征,./00-核心概念理解三问/11-核心定理多表征/07-Gödel不完备定理-五种表征.md,docs\00-核心概念理解三问\11-核心定理多表征\07-Gödel不完备定理-五种表征.md,docs,True
docs\00-全局文档索引-2025年12月.md,docs,Gram-Schmidt正交化 - 五种表征,./00-核心概念理解三问/11-核心定理多表征/64-Gram-Schmidt正交化-五种表征.md,docs\00-核心概念理解三问\11-核心定理多表征\64-Gram-Schmidt正交化-五种表征.md,docs,True
docs\00-全局文档索引-2025年12月.md,docs,Green定理 - 五种表征,./00-核心概念理解三问/11-核心定理多表征/69-Green定理-五种表征.md,docs\00-核心概念理解三问\11-核心定理多表征\69-Green定理-五种表征.md,docs,True
docs\00-全局文档索引-2025年12月.md,docs,Hahn-Banach定理 - 五种表征,./00-核心概念理解三问/11-核心定理多表征/30-Hahn-Banach定理-五种表征.md,docs\00-核心概念理解三问\11-核心定理多表征\30-Hahn-Banach定理-五种表征.md,docs,True
docs\00-全局文档索引-2025年12月.md,docs,Heine-Borel定理 - 五种表征,./00-核心概念理解三问/11-核心定理多表征/66-Heine-Borel定理-五种表征.md,docs\00-核心概念理解三问\11-核心定理多表征\66-Heine-Borel定理-五种表征.md,docs,True
docs\00-全局文档索引-2025年12月.md,docs,Hilbert零点定理 - 五种表征,./00-核心概念理解三问/11-核心定理多表征/41-Hilbert零点定理-五种表征.md,docs\00-核心概念理解三问\11-核心定理多表征\41-Hilbert零点定理-五种表征.md,docs,True
docs\00-全局文档索引-2025年12月.md,docs,Hodge分解定理 - 五种表征,./00-核心概念理解三问/11-核心定理多表征/56-Hodge分解定理-五种表征.md,docs\00-核心概念理解三问\11-核心定理多表征\56-Hodge分解定理-五种表征.md,docs,True
docs\00-全局文档索引-2025年12月.md,docs,Hurewicz定理 - 五种表征,./00-核心概念理解三问/11-核心定理多表征/50-Hurewicz定理-五种表征.md,docs\00-核心概念理解三问\11-核心定理多表征\50-Hurewicz定理-五种表征.md,docs,True
docs\00-全局文档索引-2025年12月.md,docs,Jordan标准形 - 五种表征,./00-核心概念理解三问/11-核心定理多表征/39-Jordan标准形-五种表征.md,docs\00-核心概念理解三问\11-核心定理多表征\39-Jordan标准形-五种表征.md,docs,True
docs\00-全局文档索引-2025年12月.md,docs,Krull主理想定理 - 五种表征,./00-核心概念理解三问/11-核心定理多表征/78-Krull主理想定理-五种表征.md,docs\00-核心概念理解三问\11-核心定理多表征\78-Krull主理想定理-五种表征.md,docs,True
docs\00-全局文档索引-2025年12月.md,docs,Lagrange定理 - 五种表征,./00-核心概念理解三问/11-核心定理多表征/01-Lagrange定理-五种表征.md,docs\00-核心概念理解三问\11-核心定理多表征\01-Lagrange定理-五种表征.md,docs,True
docs\00-全局文档索引-2025年12月.md,docs,L'Hôpital法则 - 五种表征,./00-核心概念理解三问/11-核心定理多表征/73-L'Hôpital法则-五种表征.md,docs\00-核心概念理解三问\11-核心定理多表征\73-L'Hôpital法则-五种表征.md,docs,True
docs\00-全局文档索引-2025年12月.md,docs,Liouville定理 - 五种表征,./00-核心概念理解三问/11-核心定理多表征/75-Liouville定理-五种表征.md,docs\00-核心概念理解三问\11-核心定理多表征\75-Liouville定理-五种表征.md,docs,True
docs\00-全局文档索引-2025年12月.md,docs,Maschke定理 - 五种表征,./00-核心概念理解三问/11-核心定理多表征/59-Maschke定理-五种表征.md,docs\00-核心概念理解三问\11-核心定理多表征\59-Maschke定理-五种表征.md,docs,True
docs\00-全局文档索引-2025年12月.md,docs,Nakayama引理 - 五种表征,./00-核心概念理解三问/11-核心定理多表征/79-Nakayama引理-五种表征.md,docs\00-核心概念理解三问\11-核心定理多表征\79-Nakayama引理-五种表征.md,docs,True
docs\00-全局文档索引-2025年12月.md,docs,Nash嵌入定理 - 五种表征,./00-核心概念理解三问/11-核心定理多表征/52-Nash嵌入定理-五种表征.md,docs\00-核心概念理解三问\11-核心定理多表征\52-Nash嵌入定理-五种表征.md,docs,True
docs\00-全局文档索引-2025年12月.md,docs,Noether定理 - 五种表征,./00-核心概念理解三问/11-核心定理多表征/42-Noether定理-五种表征.md,docs\00-核心概念理解三问\11-核心定理多表征\42-Noether定理-五种表征.md,docs,True
docs\00-全局文档索引-2025年12月.md,docs,Perron-Frobenius定理 - 五种表征,./00-核心概念理解三问/11-核心定理多表征/62-Perron-Frobenius定理-五种表征.md,docs\00-核心概念理解三问\11-核心定理多表征\62-Perron-Frobenius定理-五种表征.md,docs,True
docs\00-全局文档索引-2025年12月.md,docs,Picard-Lindelöf定理 - 五种表征,./00-核心概念理解三问/11-核心定理多表征/74-Picard-Lindelöf定理-五种表征.md,docs\00-核心概念理解三问\11-核心定理多表征\74-Picard-Lindelöf定理-五种表征.md,docs,True
docs\00-全局文档索引-2025年12月.md,docs,Poincaré对偶 - 五种表征,./00-核心概念理解三问/11-核心定理多表征/49-Poincaré对偶-五种表征.md,docs\00-核心概念理解三问\11-核心定理多表征\49-Poincaré对偶-五种表征.md,docs,True
docs\00-全局文档索引-2025年12月.md,docs,Poincaré引理 - 五种表征,./00-核心概念理解三问/11-核心定理多表征/43-Poincaré引理-五种表征.md,docs\00-核心概念理解三问\11-核心定理多表征\43-Poincaré引理-五种表征.md,docs,True
docs\00-全局文档索引-2025年12月.md,docs,Radon-Nikodym定理 - 五种表征,./00-核心概念理解三问/11-核心定理多表征/34-Radon-Nikodym定理-五种表征.md,docs\00-核心概念理解三问\11-核心定理多表征\34-Radon-Nikodym定理-五种表征.md,docs,True
docs\00-全局文档索引-2025年12月.md,docs,Riemann-Roch定理 - 五种表征,./00-核心概念理解三问/11-核心定理多表征/55-Riemann-Roch定理-五种表征.md,docs\00-核心概念理解三问\11-核心定理多表征\55-Riemann-Roch定理-五种表征.md,docs,True
docs\00-全局文档索引-2025年12月.md,docs,Riemann映射定理 - 五种表征,./00-核心概念理解三问/11-核心定理多表征/36-Riemann映射定理-五种表征.md,docs\00-核心概念理解三问\11-核心定理多表征\36-Riemann映射定理-五种表征.md,docs,True
docs\00-全局文档索引-2025年12月.md,docs,Riesz表示定理 - 五种表征,./00-核心概念理解三问/11-核心定理多表征/32-Riesz表示定理-五种表征.md,docs\00-核心概念理解三问\11-核心定理多表征\32-Riesz表示定理-五种表征.md,docs,True
docs\00-全局文档索引-2025年12月.md,docs,Rolle定理 - 五种表征,./00-核心概念理解三问/11-核心定理多表征/71-Rolle定理-五种表征.md,docs\00-核心概念理解三问\11-核心定理多表征\71-Rolle定理-五种表征.md,docs,True
docs\00-全局文档索引-2025年12月.md,docs,Schur正交性关系 - 五种表征,./00-核心概念理解三问/11-核心定理多表征/58-Schur正交性关系-五种表征.md,docs\00-核心概念理解三问\11-核心定理多表征\58-Schur正交性关系-五种表征.md,docs,True
docs\00-全局文档索引-2025年12月.md,docs,Seifert-van Kampen定理 - 五种表征,./00-核心概念理解三问/11-核心定理多表征/22-Seifert-van Kampen定理-五种表征.md,docs\00-核心概念理解三问\11-核心定理多表征\22-Seifert-van Kampen定理-五种表征.md,docs,True
docs\00-全局文档索引-2025年12月.md,docs,Serre对偶定理 - 五种表征,./00-核心概念理解三问/11-核心定理多表征/54-Serre对偶-五种表征.md,docs\00-核心概念理解三问\11-核心定理多表征\54-Serre对偶-五种表征.md,docs,True
docs\00-全局文档索引-2025年12月.md,docs,Stokes定理 - 五种表征,./00-核心概念理解三问/11-核心定理多表征/06-Stokes定理-五种表征.md,docs\00-核心概念理解三问\11-核心定理多表征\06-Stokes定理-五种表征.md,docs,True
docs\00-全局文档索引-2025年12月.md,docs,Stone-Weierstrass定理 - 五种表征,./00-核心概念理解三问/11-核心定理多表征/28-Stone-Weierstrass定理-五种表征.md,docs\00-核心概念理解三问\11-核心定理多表征\28-Stone-Weierstrass定理-五种表征.md,docs,True
docs\00-全局文档索引-2025年12月.md,docs,Sylow定理 - 五种表征,./00-核心概念理解三问/11-核心定理多表征/38-Sylow定理-五种表征.md,docs\00-核心概念理解三问\11-核心定理多表征\38-Sylow定理-五种表征.md,docs,True
docs\00-全局文档索引-2025年12月.md,docs,Taylor定理 - 五种表征,./00-核心概念理解三问/11-核心定理多表征/67-Taylor定理-五种表征.md,docs\00-核心概念理解三问\11-核心定理多表征\67-Taylor定理-五种表征.md,docs,True
docs\00-全局文档索引-2025年12月.md,docs,Tychonoff定理 - 五种表征,./00-核心概念理解三问/11-核心定理多表征/13-Tychonoff定理-五种表征.md,docs\00-核心概念理解三问\11-核心定理多表征\13-Tychonoff定理-五种表征.md,docs,True
docs\00-全局文档索引-2025年12月.md,docs,Urysohn引理 - 五种表征,./00-核心概念理解三问/11-核心定理多表征/20-Urysohn引理-五种表征.md,docs\00-核心概念理解三问\11-核心定理多表征\20-Urysohn引理-五种表征.md,docs,True
docs\00-全局文档索引-2025年12月.md,docs,van Kampen定理 - 五种表征,./00-核心概念理解三问/11-核心定理多表征/21-van Kampen定理-五种表征.md,docs\00-核心概念理解三问\11-核心定理多表征\21-van Kampen定理-五种表征.md,docs,True
docs\00-全局文档索引-2025年12月.md,docs,Weyl特征标公式 - 五种表征,./00-核心概念理解三问/11-核心定理多表征/57-Weyl特征标公式-五种表征.md,docs\00-核心概念理解三问\11-核心定理多表征\57-Weyl特征标公式-五种表征.md,docs,True
docs\00-全局文档索引-2025年12月.md,docs,Whitney嵌入定理 - 五种表征,./00-核心概念理解三问/11-核心定理多表征/51-Whitney嵌入定理-五种表征.md,docs\00-核心概念理解三问\11-核心定理多表征\51-Whitney嵌入定理-五种表征.md,docs,True
docs\00-全局文档索引-2025年12月.md,docs,Zorn引理 - 五种表征,./00-核心概念理解三问/11-核心定理多表征/16-Zorn引理-五种表征.md,docs\00-核心概念理解三问\11-核心定理多表征\16-Zorn引理-五种表征.md,docs,True
docs\00-全局文档索引-2025年12月.md,docs,伴随函子存在定理 - 五种表征,./00-核心概念理解三问/11-核心定理多表征/25-伴随函子存在定理-五种表征.md,docs\00-核心概念理解三问\11-核心定理多表征\25-伴随函子存在定理-五种表征.md,docs,True
docs\00-全局文档索引-2025年12月.md,docs,测度 (Measure) - 理解三问,./00-核心概念理解三问/08-测度-理解三问.md,docs\00-核心概念理解三问\08-测度-理解三问.md,docs,True
docs\00-全局文档索引-2025年12月.md,docs,大数定律 - 五种表征,./00-核心概念理解三问/11-核心定理多表征/47-大数定律-五种表征.md,docs\00-核心概念理解三问\11-核心定理多表征\47-大数定律-五种表征.md,docs,True
docs\00-全局文档索引-2025年12月.md,docs,代数基本定理 - 五种表征,./00-核心概念理解三问/11-核心定理多表征/76-代数基本定理-五种表征.md,docs\00-核心概念理解三问\11-核心定理多表征\76-代数基本定理-五种表征.md,docs,True
docs\00-全局文档索引-2025年12月.md,docs,单调收敛定理 - 五种表征,./00-核心概念理解三问/11-核心定理多表征/09-单调收敛定理-五种表征.md,docs\00-核心概念理解三问\11-核心定理多表征\09-单调收敛定理-五种表征.md,docs,True
docs\00-全局文档索引-2025年12月.md,docs,第一同构定理 - 五种表征,./00-核心概念理解三问/11-核心定理多表征/02-第一同构定理-五种表征.md,docs\00-核心概念理解三问\11-核心定理多表征\02-第一同构定理-五种表征.md,docs,True
docs\00-全局文档索引-2025年12月.md,docs,二次互反律 - 五种表征,./00-核心概念理解三问/11-核心定理多表征/27-二次互反律-五种表征.md,docs\00-核心概念理解三问\11-核心定理多表征\27-二次互反律-五种表征.md,docs,True
docs\00-全局文档索引-2025年12月.md,docs,反函数定理 - 五种表征,./00-核心概念理解三问/11-核心定理多表征/23-反函数定理-五种表征.md,docs\00-核心概念理解三问\11-核心定理多表征\23-反函数定理-五种表征.md,docs,True
docs\00-全局文档索引-2025年12月.md,docs,范畴 (Category) - 理解三问,./00-核心概念理解三问/10-范畴-理解三问.md,docs\00-核心概念理解三问\10-范畴-理解三问.md,docs,True
docs\00-全局文档索引-2025年12月.md,docs,"核心概念""理解三问""模板与框架",./README.md,docs\README.md,docs,True
docs\00-全局文档索引-2025年12月.md,docs,极限 (Limit) - 理解三问,./00-核心概念理解三问/05-极限-理解三问.md,docs\00-核心概念理解三问\05-极限-理解三问.md,docs,True
docs\00-全局文档索引-2025年12月.md,docs,极值定理 - 五种表征,./00-核心概念理解三问/11-核心定理多表征/17-极值定理-五种表征.md,docs\00-核心概念理解三问\11-核心定理多表征\17-极值定理-五种表征.md,docs,True
docs\00-全局文档索引-2025年12月.md,docs,介值定理 - 五种表征,./00-核心概念理解三问/11-核心定理多表征/03-介值定理-五种表征.md,docs\00-核心概念理解三问\11-核心定理多表征\03-介值定理-五种表征.md,docs,True
docs\00-全局文档索引-2025年12月.md,docs,开映射定理 - 五种表征,./00-核心概念理解三问/11-核心定理多表征/31-开映射定理-五种表征.md,docs\00-核心概念理解三问\11-核心定理多表征\31-开映射定理-五种表征.md,docs,True
docs\00-全局文档索引-2025年12月.md,docs,控制收敛定理 - 五种表征,./00-核心概念理解三问/11-核心定理多表征/10-控制收敛定理-五种表征.md,docs\00-核心概念理解三问\11-核心定理多表征\10-控制收敛定理-五种表征.md,docs,True
docs\00-全局文档索引-2025年12月.md,docs,连续性 (Continuity) - 理解三问,./00-核心概念理解三问/02-连续性-理解三问.md,docs\00-核心概念理解三问\02-连续性-理解三问.md,docs,True
docs\00-全局文档索引-2025年12月.md,docs,留数定理 - 五种表征,./00-核心概念理解三问/11-核心定理多表征/37-留数定理-五种表征.md,docs\00-核心概念理解三问\11-核心定理多表征\37-留数定理-五种表征.md,docs,True
docs\00-全局文档索引-2025年12月.md,docs,流形 (Manifold) - 理解三问,./00-核心概念理解三问/09-流形-理解三问.md,docs\00-核心概念理解三问\09-流形-理解三问.md,docs,True
docs\00-全局文档索引-2025年12月.md,docs,米田引理 - 五种表征,./00-核心概念理解三问/11-核心定理多表征/05-米田引理-五种表征.md,docs\00-核心概念理解三问\11-核心定理多表征\05-米田引理-五种表征.md,docs,True
docs\00-全局文档索引-2025年12月.md,docs,谱定理 - 五种表征,./00-核心概念理解三问/11-核心定理多表征/40-谱定理-五种表征.md,docs\00-核心概念理解三问\11-核心定理多表征\40-谱定理-五种表征.md,docs,True
docs\00-全局文档索引-2025年12月.md,docs,奇异值分解 - 五种表征,./00-核心概念理解三问/11-核心定理多表征/63-奇异值分解-五种表征.md,docs\00-核心概念理解三问\11-核心定理多表征\63-奇异值分解-五种表征.md,docs,True
docs\00-全局文档索引-2025年12月.md,docs,群 (Group) - 理解三问,./00-核心概念理解三问/01-群-理解三问.md,docs\00-核心概念理解三问\01-群-理解三问.md,docs,True
docs\00-全局文档索引-2025年12月.md,docs,散度定理 - 五种表征,./00-核心概念理解三问/11-核心定理多表征/70-散度定理-五种表征.md,docs\00-核心概念理解三问\11-核心定理多表征\70-散度定理-五种表征.md,docs,True
docs\00-全局文档索引-2025年12月.md,docs,数学跨领域类比图谱,./00-核心概念理解三问/01-跨领域类比图谱.md,docs\00-核心概念理解三问\01-跨领域类比图谱.md,docs,True
docs\00-全局文档索引-2025年12月.md,docs,素数定理 - 五种表征,./00-核心概念理解三问/11-核心定理多表征/26-素数定理-五种表征.md,docs\00-核心概念理解三问\11-核心定理多表征\26-素数定理-五种表征.md,docs,True
docs\00-全局文档索引-2025年12月.md,docs,拓扑空间 (Topological Space) - 理解三问,./00-核心概念理解三问/03-拓扑空间-理解三问.md,docs\00-核心概念理解三问\03-拓扑空间-理解三问.md,docs,True
docs\00-全局文档索引-2025年12月.md,docs,同构 (Isomorphism) - 理解三问,./00-核心概念理解三问/04-同构-理解三问.md,docs\00-核心概念理解三问\04-同构-理解三问.md,docs,True
docs\00-全局文档索引-2025年12月.md,docs,同伦 (Homotopy) - 理解三问,./00-核心概念理解三问/07-同伦-理解三问.md,docs\00-核心概念理解三问\07-同伦-理解三问.md,docs,True
docs\00-全局文档索引-2025年12月.md,docs,微积分基本定理 - 五种表征,./00-核心概念理解三问/11-核心定理多表征/68-微积分基本定理-五种表征.md,docs\00-核心概念理解三问\11-核心定理多表征\68-微积分基本定理-五种表征.md,docs,True
docs\00-全局文档索引-2025年12月.md,docs,向量空间 (Vector Space) - 理解三问,./00-核心概念理解三问/06-向量空间-理解三问.md,docs\00-核心概念理解三问\06-向量空间-理解三问.md,docs,True
docs\00-全局文档索引-2025年12月.md,docs,隐函数定理 - 五种表征,./00-核心概念理解三问/11-核心定理多表征/15-隐函数定理-五种表征.md,docs\00-核心概念理解三问\11-核心定理多表征\15-隐函数定理-五种表征.md,docs,True
docs\00-全局文档索引-2025年12月.md,docs,有限域分类定理 - 五种表征,./00-核心概念理解三问/11-核心定理多表征/18-有限域分类定理-五种表征.md,docs\00-核心概念理解三问\11-核心定理多表征\18-有限域分类定理-五种表征.md,docs,True
docs\00-全局文档索引-2025年12月.md,docs,中心极限定理 - 五种表征,./00-核心概念理解三问/11-核心定理多表征/46-中心极限定理-五种表征.md,docs\00-核心概念理解三问\11-核心定理多表征\46-中心极限定理-五种表征.md,docs,True
docs\00-全局文档索引-2025年12月.md,docs,中值定理 - 五种表征,./00-核心概念理解三问/11-核心定理多表征/72-中值定理-五种表征.md,docs\00-核心概念理解三问\11-核心定理多表征\72-中值定理-五种表征.md,docs,True
docs\00-全局文档索引-2025年12月.md,docs,主理想整环的唯一分解定理 - 五种表征,./00-核心概念理解三问/11-核心定理多表征/19-唯一分解定理-五种表征.md,docs\00-核心概念理解三问\11-核心定理多表征\19-唯一分解定理-五种表征.md,docs,True
docs\00-全局文档索引-2025年12月.md,docs,1. 集合论基础 / Set Theory Foundations,./01-基础数学/集合论/01-集合论基础-增强版.md,docs\01-基础数学\集合论\01-集合论基础-增强版.md,docs,True
docs\00-全局文档索引-2025年12月.md,docs,1.1 集合论基础 / Set Theory Foundations,./01-基础数学/集合论/01-集合论基础.md,docs\01-基础数学\集合论\01-集合论基础.md,docs,True
docs\00-全局文档索引-2025年12月.md,docs,1.2 数系与运算 / Number Systems and Operations,./01-基础数学/集合论/02-数系与运算.md,docs\01-基础数学\集合论\02-数系与运算.md,docs,True
docs\00-全局文档索引-2025年12月.md,docs,1.3 函数与映射 / Functions and Mappings,./01-基础数学/集合论/03-函数与映射.md,docs\01-基础数学\集合论\03-函数与映射.md,docs,True
docs\00-全局文档索引-2025年12月.md,docs,1.4 关系与等价 / Relations and Equivalence,./01-基础数学/集合论/04-关系与等价.md,docs\01-基础数学\集合论\04-关系与等价.md,docs,True
docs\00-全局文档索引-2025年12月.md,docs,1.5 基数与序数 / Cardinal and Ordinal Numbers,./01-基础数学/集合论/05-基数与序数.md,docs\01-基础数学\集合论\05-基数与序数.md,docs,True
docs\00-全局文档索引-2025年12月.md,docs,2. 数系与运算 / Number Systems and Operations,./01-基础数学/集合论/02-数系与运算-增强版.md,docs\01-基础数学\集合论\02-数系与运算-增强版.md,docs,True
docs\00-全局文档索引-2025年12月.md,docs,3. 函数与映射 / Functions and Mappings,./01-基础数学/集合论/03-函数与映射-增强版.md,docs\01-基础数学\集合论\03-函数与映射-增强版.md,docs,True
docs\00-全局文档索引-2025年12月.md,docs,4. 关系与等价 / Relations and Equivalence,./01-基础数学/集合论/04-关系与等价-增强版.md,docs\01-基础数学\集合论\04-关系与等价-增强版.md,docs,True
docs\00-全局文档索引-2025年12月.md,docs,5. 基数与序数 / Cardinals and Ordinals,./01-基础数学/集合论/05-基数与序数-增强版.md,docs\01-基础数学\集合论\05-基数与序数-增强版.md,docs,True
docs\00-全局文档索引-2025年12月.md,docs,FormalMath集合论项目100%完成报告 - 2025年1月,./01-基础数学/集合论/FormalMath集合论项目100%完成报告-2025年1月.md,docs\01-基础数学\集合论\FormalMath集合论项目100%完成报告-2025年1月.md,docs,True
docs\00-全局文档索引-2025年12月.md,docs,FormalMath集合论项目最终完成报告 - 2025年1月,./01-基础数学/集合论/FormalMath集合论项目最终完成报告-2025年1月.md,docs\01-基础数学\集合论\FormalMath集合论项目最终完成报告-2025年1月.md,docs,True
docs\00-全局文档索引-2025年12月.md,docs,FormalMath项目100%完成总结 - 最终版 / FormalMath Project 100% Completion Summary - Final Version,./01-基础数学/项目100%完成总结-最终版.md,docs\01-基础数学\项目100%完成总结-最终版.md,docs,True
docs\00-全局文档索引-2025年12月.md,docs,FormalMath项目100%完成最终确认报告 - 2025年1月 / FormalMath Project 100% Completion Final Confirmation Report - January 2025,./01-基础数学/FormalMath项目100%完成最终确认报告-2025年1月.md,docs\01-基础数学\FormalMath项目100%完成最终确认报告-2025年1月.md,docs,True
docs\00-全局文档索引-2025年12月.md,docs,FormalMath项目100%完成最终确认报告 - 更新版 / FormalMath Project 100% Completion Final Confirmation Report - Updated Version,./01-基础数学/FormalMath项目100%完成最终确认报告-2025年1月-更新版.md,docs\01-基础数学\FormalMath项目100%完成最终确认报告-2025年1月-更新版.md,docs,True
docs\00-全局文档索引-2025年12月.md,docs,Lean 4形式化实现 - 基数序数理论,./01-基础数学/集合论/Lean4形式化实现-基数序数理论.md,docs\01-基础数学\集合论\Lean4形式化实现-基数序数理论.md,docs,True
docs\00-全局文档索引-2025年12月.md,docs,ZFC到数论完整推导 - 包含抽象代数结构,./01-基础数学/ZFC公理体系/ZFC到数论完整推导-包含抽象代数结构.md,docs\01-基础数学\ZFC公理体系\ZFC到数论完整推导-包含抽象代数结构.md,docs,True
docs\00-全局文档索引-2025年12月.md,docs,ZFC公理体系 - Lean4形式化实现,./01-基础数学/ZFC公理体系/Lean4形式化实现-ZFC公理体系.md,docs\01-基础数学\ZFC公理体系\Lean4形式化实现-ZFC公理体系.md,docs,True
docs\00-全局文档索引-2025年12月.md,docs,ZFC公理体系到数论推导索引,./01-基础数学/ZFC公理体系/ZFC公理体系到数论推导索引.md,docs\01-基础数学\ZFC公理体系\ZFC公理体系到数论推导索引.md,docs,True
docs\00-全局文档索引-2025年12月.md,docs,ZFC公理体系到数论完整推导路径总结,./01-基础数学/ZFC公理体系/ZFC公理体系到数论完整推导路径总结.md,docs\01-基础数学\ZFC公理体系\ZFC公理体系到数论完整推导路径总结.md,docs,True
docs\00-全局文档索引-2025年12月.md,docs,ZFC公理体系-深度扩展版,./01-基础数学/ZFC公理体系/ZFC公理体系-深度扩展版.md,docs\01-基础数学\ZFC公理体系\ZFC公理体系-深度扩展版.md,docs,True
docs\00-全局文档索引-2025年12月.md,docs,ZFC公理体系深化扩展版,./01-基础数学/ZFC公理体系/ZFC公理体系深化扩展版.md,docs\01-基础数学\ZFC公理体系\ZFC公理体系深化扩展版.md,docs,True
docs\00-全局文档索引-2025年12月.md,docs,ZFC公理体系完整形式化 - 抽象代数结构构造,./01-基础数学/ZFC公理体系/ZFC公理体系完整形式化-抽象代数结构构造.md,docs\01-基础数学\ZFC公理体系\ZFC公理体系完整形式化-抽象代数结构构造.md,docs,True
docs\00-全局文档索引-2025年12月.md,docs,ZFC公理体系完整形式化 - 第二部分：整数构造,./01-基础数学/ZFC公理体系/ZFC公理体系完整形式化-第二部分：整数构造.md,docs\01-基础数学\ZFC公理体系\ZFC公理体系完整形式化-第二部分：整数构造.md,docs,True
docs\00-全局文档索引-2025年12月.md,docs,ZFC公理体系完整形式化 - 第六部分：数论基础构造,./01-基础数学/ZFC公理体系/ZFC公理体系完整形式化-第六部分：数论基础构造.md,docs\01-基础数学\ZFC公理体系\ZFC公理体系完整形式化-第六部分：数论基础构造.md,docs,True
docs\00-全局文档索引-2025年12月.md,docs,ZFC公理体系完整形式化 - 第三部分：有理数构造,./01-基础数学/ZFC公理体系/ZFC公理体系完整形式化-第三部分：有理数构造.md,docs\01-基础数学\ZFC公理体系\ZFC公理体系完整形式化-第三部分：有理数构造.md,docs,True
docs\00-全局文档索引-2025年12月.md,docs,ZFC公理体系完整形式化 - 第四部分：实数构造,./01-基础数学/ZFC公理体系/ZFC公理体系完整形式化-第四部分：实数构造.md,docs\01-基础数学\ZFC公理体系\ZFC公理体系完整形式化-第四部分：实数构造.md,docs,True
docs\00-全局文档索引-2025年12月.md,docs,ZFC公理体系完整形式化 - 第五部分：复数构造,./01-基础数学/ZFC公理体系/ZFC公理体系完整形式化-第五部分：复数构造.md,docs\01-基础数学\ZFC公理体系\ZFC公理体系完整形式化-第五部分：复数构造.md,docs,True
docs\00-全局文档索引-2025年12月.md,docs,ZFC公理体系完整形式化 - 第一部分：基础公理系统,./01-基础数学/ZFC公理体系/ZFC公理体系完整形式化-第一部分.md,docs\01-基础数学\ZFC公理体系\ZFC公理体系完整形式化-第一部分.md,docs,True
docs\00-全局文档索引-2025年12月.md,docs,ZFC公理体系完整形式化 - 国际标准对照版,./01-基础数学/ZFC公理体系/ZFC公理体系完整形式化-国际标准对照版.md,docs\01-基础数学\ZFC公理体系\ZFC公理体系完整形式化-国际标准对照版.md,docs,True
docs\00-全局文档索引-2025年12月.md,docs,ZFC公理体系完整形式化 - 序关系构造详细版,./01-基础数学/ZFC公理体系/ZFC公理体系完整形式化-序关系构造详细版.md,docs\01-基础数学\ZFC公理体系\ZFC公理体系完整形式化-序关系构造详细版.md,docs,True
docs\00-全局文档索引-2025年12月.md,docs,ZFC公理体系完整形式化 - 自然数构造详细版,./01-基础数学/ZFC公理体系/ZFC公理体系完整形式化-自然数构造详细版.md,docs\01-基础数学\ZFC公理体系\ZFC公理体系完整形式化-自然数构造详细版.md,docs,True
docs\00-全局文档索引-2025年12月.md,docs,ZFC公理体系应用案例,./01-基础数学/ZFC公理体系/ZFC公理体系应用案例.md,docs\01-基础数学\ZFC公理体系\ZFC公理体系应用案例.md,docs,True
docs\00-全局文档索引-2025年12月.md,docs,测度论与数系分析 - 国际标准版,./01-基础数学/测度论与数系分析-国际标准版.md,docs\01-基础数学\测度论与数系分析-国际标准版.md,docs,True
docs\00-全局文档索引-2025年12月.md,docs,抽象代数结构到数论推导 - 国际标准版 / Abstract Algebraic Structures to Number Theory - International Standard Version,./01-基础数学/抽象代数结构到数论推导-国际标准版.md,docs\01-基础数学\抽象代数结构到数论推导-国际标准版.md,docs,True
docs\00-全局文档索引-2025年12月.md,docs,抽象代数结构论证总结 - 国际标准版,./01-基础数学/序关系论证体系/00-总结报告-国际标准版.md,docs\01-基础数学\序关系论证体系\00-总结报告-国际标准版.md,docs,True
docs\00-全局文档索引-2025年12月.md,docs,范畴论结构论证 - 国际标准版,./01-基础数学/抽象代数结构论证/06-范畴论结构论证-国际标准版.md,docs\01-基础数学\抽象代数结构论证\06-范畴论结构论证-国际标准版.md,docs,True
docs\00-全局文档索引-2025年12月.md,docs,关系基础与等价关系 - 国际标准版,./01-基础数学/序关系论证体系/01-关系基础与等价关系-国际标准版.md,docs\01-基础数学\序关系论证体系\01-关系基础与等价关系-国际标准版.md,docs,True
docs\00-全局文档索引-2025年12月.md,docs,关系论专门扩展总结,./01-基础数学/集合论/关系论专门扩展总结.md,docs\01-基础数学\集合论\关系论专门扩展总结.md,docs,True
docs\00-全局文档索引-2025年12月.md,docs,关系与等价,./01-基础数学/集合论/03-关系与等价1.md,docs\01-基础数学\集合论\03-关系与等价1.md,docs,True
docs\00-全局文档索引-2025年12月.md,docs,关系与等价-深度扩展版,./01-基础数学/集合论/04-关系与等价-深度扩展版.md,docs\01-基础数学\集合论\04-关系与等价-深度扩展版.md,docs,True
docs\00-全局文档索引-2025年12月.md,docs,国际标准对齐检查清单 - 2025年1月 / International Standard Alignment Checklist - January 2025,./01-基础数学/国际标准对齐检查清单-2025年1月.md,docs\01-基础数学\国际标准对齐检查清单-2025年1月.md,docs,True
docs\00-全局文档索引-2025年12月.md,docs,国际标准对照索引 / International Standard Comparison Index,./01-基础数学/国际标准对照索引.md,docs\01-基础数学\国际标准对照索引.md,docs,True
docs\00-全局文档索引-2025年12月.md,docs,函数与映射,./01-基础数学/集合论/02-函数与映射1.md,docs\01-基础数学\集合论\02-函数与映射1.md,docs,True
docs\00-全局文档索引-2025年12月.md,docs,函数与映射-深度扩展版,./01-基础数学/集合论/03-函数与映射-深度扩展版.md,docs\01-基础数学\集合论\03-函数与映射-深度扩展版.md,docs,True
docs\00-全局文档索引-2025年12月.md,docs,环论结构论证 - 国际标准版,./01-基础数学/抽象代数结构论证/02-环论结构论证-国际标准版.md,docs\01-基础数学\抽象代数结构论证\02-环论结构论证-国际标准版.md,docs,True
docs\00-全局文档索引-2025年12月.md,docs,基础数学全面分析归类报告,./01-基础数学/基础数学全面分析归类报告.md,docs\01-基础数学\基础数学全面分析归类报告.md,docs,True
docs\00-全局文档索引-2025年12月.md,docs,基数序数理论 - 深度扩展版,./01-基础数学/集合论/基数序数理论-深度扩展版.md,docs\01-基础数学\集合论\基数序数理论-深度扩展版.md,docs,True
docs\00-全局文档索引-2025年12月.md,docs,基数序数理论应用案例,./01-基础数学/集合论/基数序数理论应用案例.md,docs\01-基础数学\集合论\基数序数理论应用案例.md,docs,True
docs\00-全局文档索引-2025年12月.md,docs,基数序数理论证明深化 - 2025年1月,./01-基础数学/集合论/基数序数理论证明深化-2025年1月.md,docs\01-基础数学\集合论\基数序数理论证明深化-2025年1月.md,docs,True
docs\00-全局文档索引-2025年12月.md,docs,基数与序数理论 - 国际标准版 / Cardinal and Ordinal Theory - International Standard Edition,./01-基础数学/集合论/05-基数与序数-国际标准版.md,docs\01-基础数学\集合论\05-基数与序数-国际标准版.md,docs,True
docs\00-全局文档索引-2025年12月.md,docs,基数与序数理论深化扩展版,./01-基础数学/集合论/05-基数与序数-深化扩展版.md,docs\01-基础数学\集合论\05-基数与序数-深化扩展版.md,docs,True
docs\00-全局文档索引-2025年12月.md,docs,基数与序数-深度扩展版,./01-基础数学/集合论/05-基数与序数-深度扩展版.md,docs\01-基础数学\集合论\05-基数与序数-深度扩展版.md,docs,True
docs\00-全局文档索引-2025年12月.md,docs,集合论持续改进机制 - 2025年1月,./01-基础数学/集合论/集合论持续改进机制-2025年1月.md,docs\01-基础数学\集合论\集合论持续改进机制-2025年1月.md,docs,True
docs\00-全局文档索引-2025年12月.md,docs,集合论代码质量提升报告 - 2025年1月,./01-基础数学/集合论/集合论代码质量提升报告-2025年1月.md,docs\01-基础数学\集合论\集合论代码质量提升报告-2025年1月.md,docs,True
docs\00-全局文档索引-2025年12月.md,docs,集合论单元测试增强 - 2025年1月,./01-基础数学/集合论/集合论单元测试增强-2025年1月.md,docs\01-基础数学\集合论\集合论单元测试增强-2025年1月.md,docs,True
docs\00-全局文档索引-2025年12月.md,docs,集合论改进执行计划 - 2025年1月,./01-基础数学/集合论/集合论改进执行计划-2025年1月.md,docs\01-基础数学\集合论\集合论改进执行计划-2025年1月.md,docs,True
docs\00-全局文档索引-2025年12月.md,docs,集合论国际标准对齐报告 - 2025年1月,./01-基础数学/集合论/集合论国际标准对齐报告-2025年1月.md,docs\01-基础数学\集合论\集合论国际标准对齐报告-2025年1月.md,docs,True
docs\00-全局文档索引-2025年12月.md,docs,集合论基础,./01-基础数学/集合论/01-集合论基础1.md,docs\01-基础数学\集合论\01-集合论基础1.md,docs,True
docs\00-全局文档索引-2025年12月.md,docs,集合论基础 - Lean4形式化实现 / Set Theory Foundation - Lean4 Formal Implementation,./01-基础数学/集合论/Lean4形式化实现-集合论基础.md,docs\01-基础数学\集合论\Lean4形式化实现-集合论基础.md,docs,True
docs\00-全局文档索引-2025年12月.md,docs,集合论基础 - Lean4形式化实现（国际标准版）,./01-基础数学/集合论/Lean4形式化实现-集合论基础-国际标准版.md,docs\01-基础数学\集合论\Lean4形式化实现-集合论基础-国际标准版.md,docs,True
docs\00-全局文档索引-2025年12月.md,docs,集合论基础 - 国际标准版 / Set Theory Foundation - International Standard Edition,./01-基础数学/集合论/01-集合论基础-国际标准版.md,docs\01-基础数学\集合论\01-集合论基础-国际标准版.md,docs,True
docs\00-全局文档索引-2025年12月.md,docs,集合论基础 - 深度扩展版,./01-基础数学/集合论/01-集合论基础-深度扩展版.md,docs\01-基础数学\集合论\01-集合论基础-深度扩展版.md,docs,True
docs\00-全局文档索引-2025年12月.md,docs,集合论交互式内容增强 - 2025年1月,./01-基础数学/集合论/集合论交互式内容增强-2025年1月.md,docs\01-基础数学\集合论\集合论交互式内容增强-2025年1月.md,docs,True
docs\00-全局文档索引-2025年12月.md,docs,集合论教育应用优化 - 国际标准版,./01-基础数学/集合论/集合论教育应用优化-国际标准版.md,docs\01-基础数学\集合论\集合论教育应用优化-国际标准版.md,docs,True
docs\00-全局文档索引-2025年12月.md,docs,集合论跨学科应用深化 - 国际标准版,./01-基础数学/集合论/集合论跨学科应用深化-国际标准版.md,docs\01-基础数学\集合论\集合论跨学科应用深化-国际标准版.md,docs,True
docs\00-全局文档索引-2025年12月.md,docs,集合论练习题系统 - 2025年1月,./01-基础数学/集合论/集合论练习题系统-2025年1月.md,docs\01-基础数学\集合论\集合论练习题系统-2025年1月.md,docs,True
docs\00-全局文档索引-2025年12月.md,docs,集合论前沿内容完善 - 2025年1月,./01-基础数学/集合论/集合论前沿内容完善-2025年1月.md,docs\01-基础数学\集合论\集合论前沿内容完善-2025年1月.md,docs,True
docs\00-全局文档索引-2025年12月.md,docs,集合论术语标准化词典,./01-基础数学/集合论/术语标准化词典-集合论.md,docs\01-基础数学\集合论\术语标准化词典-集合论.md,docs,True
docs\00-全局文档索引-2025年12月.md,docs,集合论同行评议报告 - 2025年1月,./01-基础数学/集合论/集合论同行评议报告-2025年1月.md,docs\01-基础数学\集合论\集合论同行评议报告-2025年1月.md,docs,True
docs\00-全局文档索引-2025年12月.md,docs,集合论学习路径优化 - 2025年1月,./01-基础数学/集合论/集合论学习路径优化-2025年1月.md,docs\01-基础数学\集合论\集合论学习路径优化-2025年1月.md,docs,True
docs\00-全局文档索引-2025年12月.md,docs,集合论应用案例库 - 深化扩展版,./01-基础数学/集合论/集合论应用案例库-深化扩展版.md,docs\01-基础数学\集合论\集合论应用案例库-深化扩展版.md,docs,True
docs\00-全局文档索引-2025年12月.md,docs,集合论应用案例扩展 - 2025年1月,./01-基础数学/集合论/集合论应用案例扩展-2025年1月.md,docs\01-基础数学\集合论\集合论应用案例扩展-2025年1月.md,docs,True
docs\00-全局文档索引-2025年12月.md,docs,集合论应用案例-深度扩展版,./01-基础数学/集合论/集合论应用案例-深度扩展版.md,docs\01-基础数学\集合论\集合论应用案例-深度扩展版.md,docs,True
docs\00-全局文档索引-2025年12月.md,docs,集合论真实应用案例库 - 国际标准版,./01-基础数学/集合论/集合论真实应用案例库-国际标准版.md,docs\01-基础数学\集合论\集合论真实应用案例库-国际标准版.md,docs,True
docs\00-全局文档索引-2025年12月.md,docs,集合论真实应用案例库 - 深化扩展版,./01-基础数学/集合论/集合论真实应用案例库-深化扩展版.md,docs\01-基础数学\集合论\集合论真实应用案例库-深化扩展版.md,docs,True
docs\00-全局文档索引-2025年12月.md,docs,集合论证明细节完善 - 2025年1月,./01-基础数学/集合论/集合论证明细节完善-2025年1月.md,docs\01-基础数学\集合论\集合论证明细节完善-2025年1月.md,docs,True
docs\00-全局文档索引-2025年12月.md,docs,集合论质量评估报告 - 2025年1月,./01-基础数学/集合论/集合论质量评估报告-2025年1月.md,docs\01-基础数学\集合论\集合论质量评估报告-2025年1月.md,docs,True
docs\00-全局文档索引-2025年12月.md,docs,集合论质量评估报告 - 2025年1月（更新版）,./01-基础数学/集合论/集合论质量评估报告-2025年1月-更新版.md,docs\01-基础数学\集合论\集合论质量评估报告-2025年1月-更新版.md,docs,True
docs\00-全局文档索引-2025年12月.md,docs,集合论质量评估报告 - 2025年1月（最终版）,./01-基础数学/集合论/集合论质量评估报告-2025年1月-最终版.md,docs\01-基础数学\集合论\集合论质量评估报告-2025年1月-最终版.md,docs,True
docs\00-全局文档索引-2025年12月.md,docs,李代数结构论证 - 国际标准版,./01-基础数学/抽象代数结构论证/05-李代数结构论证-国际标准版.md,docs\01-基础数学\抽象代数结构论证\05-李代数结构论证-国际标准版.md,docs,True
docs\00-全局文档索引-2025年12月.md,docs,良序关系 - 国际标准版,./01-基础数学/序关系论证体系/04-良序关系-国际标准版.md,docs\01-基础数学\序关系论证体系\04-良序关系-国际标准版.md,docs,True
docs\00-全局文档索引-2025年12月.md,docs,模论结构论证 - 国际标准版,./01-基础数学/抽象代数结构论证/04-模论结构论证-国际标准版.md,docs\01-基础数学\抽象代数结构论证\04-模论结构论证-国际标准版.md,docs,True
docs\00-全局文档索引-2025年12月.md,docs,偏序关系 - 国际标准版,./01-基础数学/序关系论证体系/02-偏序关系-国际标准版.md,docs\01-基础数学\序关系论证体系\02-偏序关系-国际标准版.md,docs,True
docs\00-全局文档索引-2025年12月.md,docs,全序关系 - 国际标准版,./01-基础数学/序关系论证体系/03-全序关系-国际标准版.md,docs\01-基础数学\序关系论证体系\03-全序关系-国际标准版.md,docs,True
docs\00-全局文档索引-2025年12月.md,docs,群论结构论证 - 国际标准版,./01-基础数学/抽象代数结构论证/01-群论结构论证-国际标准版.md,docs\01-基础数学\抽象代数结构论证\01-群论结构论证-国际标准版.md,docs,True
docs\00-全局文档索引-2025年12月.md,docs,认知科学分析框架 - 国际标准版 / Cognitive Science Analysis Framework - International Standard Version,./01-基础数学/认知科学分析框架-国际标准版.md,docs\01-基础数学\认知科学分析框架-国际标准版.md,docs,True
docs\00-全局文档索引-2025年12月.md,docs,术语标准化词典 - 国际标准版 / Standardized Terminology Dictionary - International Standard Version,./01-基础数学/术语标准化词典-国际标准版.md,docs\01-基础数学\术语标准化词典-国际标准版.md,docs,True
docs\00-全局文档索引-2025年12月.md,docs,术语修正说明,./01-基础数学/集合论/术语修正说明.md,docs\01-基础数学\集合论\术语修正说明.md,docs,True
docs\00-全局文档索引-2025年12月.md,docs,数系构造国际标准对比分析 - 2024版,./01-基础数学/数系构造国际标准对比分析-2024版.md,docs\01-基础数学\数系构造国际标准对比分析-2024版.md,docs,True
docs\00-全局文档索引-2025年12月.md,docs,数系与ZFC公理体系映射关系分析 - 国际标准版,./01-基础数学/ZFC公理体系/数系与ZFC公理体系映射关系分析-国际标准版.md,docs\01-基础数学\ZFC公理体系\数系与ZFC公理体系映射关系分析-国际标准版.md,docs,True
docs\00-全局文档索引-2025年12月.md,docs,数系与ZFC公理体系映射关系论证 - 国际标准版,./01-基础数学/ZFC公理体系/数系与ZFC公理体系映射关系论证-国际标准版.md,docs\01-基础数学\ZFC公理体系\数系与ZFC公理体系映射关系论证-国际标准版.md,docs,True
docs\00-全局文档索引-2025年12月.md,docs,数系与运算-深度扩展版,./01-基础数学/集合论/02-数系与运算-深度扩展版.md,docs\01-基础数学\集合论\02-数系与运算-深度扩展版.md,docs,True
docs\00-全局文档索引-2025年12月.md,docs,形式化论证与多表征方式分析 - 国际标准版,./01-基础数学/形式化论证与多表征方式分析-国际标准版.md,docs\01-基础数学\形式化论证与多表征方式分析-国际标准版.md,docs,True
docs\00-全局文档索引-2025年12月.md,docs,形式化验证标准 - 国际标准版 / Formal Verification Standards - International Standard Version,./01-基础数学/形式化验证标准-国际标准版.md,docs\01-基础数学\形式化验证标准-国际标准版.md,docs,True
docs\00-全局文档索引-2025年12月.md,docs,序关系论证体系总结 - 国际标准版,./01-基础数学/序关系论证体系/00-总结报告-国际标准版.md,docs\01-基础数学\序关系论证体系\00-总结报告-国际标准版.md,docs,True
docs\00-全局文档索引-2025年12月.md,docs,序数理论 - 国际标准版,./01-基础数学/序关系论证体系/05-序数理论-国际标准版.md,docs\01-基础数学\序关系论证体系\05-序数理论-国际标准版.md,docs,True
docs\00-全局文档索引-2025年12月.md,docs,域论结构论证 - 国际标准版,./01-基础数学/抽象代数结构论证/03-域论结构论证-国际标准版.md,docs\01-基础数学\抽象代数结构论证\03-域论结构论证-国际标准版.md,docs,True
docs\00-全局文档索引-2025年12月.md,docs,质量验证与优化报告 - 2025年1月 / Quality Verification and Optimization Report - January 2025,./01-基础数学/质量验证与优化报告-2025年1月.md,docs\01-基础数学\质量验证与优化报告-2025年1月.md,docs,True
docs\00-全局文档索引-2025年12月.md,docs,自然数构造 - 国际标准版,./01-基础数学/序关系论证体系/06-自然数构造-国际标准版.md,docs\01-基础数学\序关系论证体系\06-自然数构造-国际标准版.md,docs,True
docs\00-全局文档索引-2025年12月.md,docs,自然数构造 - 国际标准对照版 / Natural Number Construction - International Standard Comparison,./01-基础数学/自然数构造-国际标准对照版.md,docs\01-基础数学\自然数构造-国际标准对照版.md,docs,True
docs\00-全局文档索引-2025年12月.md,docs,4.1 欧几里得几何 / Euclidean Geometry,./04-几何与拓扑/01-几何学基础/01-欧几里得几何.md,docs\04-几何与拓扑\01-几何学基础\01-欧几里得几何.md,docs,True
docs\00-全局文档索引-2025年12月.md,docs,4.2 解析几何 / Analytic Geometry,./04-几何与拓扑/01-几何学基础/02-解析几何.md,docs\04-几何与拓扑\01-几何学基础\02-解析几何.md,docs,True
docs\00-全局文档索引-2025年12月.md,docs,4.3 微分几何 / Differential Geometry,./04-几何与拓扑/01-几何学基础/03-微分几何.md,docs\04-几何与拓扑\01-几何学基础\03-微分几何.md,docs,True
docs\00-全局文档索引-2025年12月.md,docs,4.4 射影几何 / Projective Geometry,./04-几何与拓扑/01-几何学基础/04-射影几何.md,docs\04-几何与拓扑\01-几何学基础\04-射影几何.md,docs,True
docs\00-全局文档索引-2025年12月.md,docs,4.5 代数几何 / Algebraic Geometry,./04-几何与拓扑/01-几何学基础/05-代数几何.md,docs\04-几何与拓扑\01-几何学基础\05-代数几何.md,docs,True
docs\00-全局文档索引-2025年12月.md,docs,4.6 拓扑几何 / Topological Geometry,./04-几何与拓扑/01-几何学基础/06-拓扑几何.md,docs\04-几何与拓扑\01-几何学基础\06-拓扑几何.md,docs,True
docs\00-全局文档索引-2025年12月.md,docs,Lean4形式化实现-解析几何 / Lean4 Formal Implementation - Analytic Geometry,./04-几何与拓扑/01-几何学基础/Lean4形式化实现-解析几何.md,docs\04-几何与拓扑\01-几何学基础\Lean4形式化实现-解析几何.md,docs,True
docs\00-全局文档索引-2025年12月.md,docs,几何学术语标准化-2025年1月,./04-几何与拓扑/01-几何学基础/几何学术语标准化-2025年1月.md,docs\04-几何与拓扑\01-几何学基础\几何学术语标准化-2025年1月.md,docs,True
docs\00-全局文档索引-2025年12月.md,docs,解析几何-深度扩展版 / Analytic Geometry - Deep Extended Version,./04-几何与拓扑/01-几何学基础/解析几何-深度扩展版.md,docs\04-几何与拓扑\01-几何学基础\解析几何-深度扩展版.md,docs,True
docs\00-全局文档索引-2025年12月.md,docs,欧几里得几何 - Lean4形式化实现 / Euclidean Geometry - Lean4 Formalization,./04-几何与拓扑/01-几何学基础/Lean4形式化实现-欧几里得几何.md,docs\04-几何与拓扑\01-几何学基础\Lean4形式化实现-欧几里得几何.md,docs,True
docs\00-全局文档索引-2025年12月.md,docs,欧几里得几何 - 深度扩展版,./04-几何与拓扑/01-几何学基础/01-欧几里得几何-深度扩展版.md,docs\04-几何与拓扑\01-几何学基础\01-欧几里得几何-深度扩展版.md,docs,True
docs\00-全局文档索引-2025年12月.md,docs,欧几里得几何 - 深度扩展版 / Euclidean Geometry - Deep Extension,./04-几何与拓扑/01-几何学基础/欧几里得几何-深度扩展版.md,docs\04-几何与拓扑\01-几何学基础\欧几里得几何-深度扩展版.md,docs,True
docs\00-全局文档索引-2025年12月.md,docs,欧几里得几何应用案例 - 深度扩展版 / Euclidean Geometry Applications - Deep Extension,./04-几何与拓扑/01-几何学基础/欧几里得几何应用案例-深度扩展版.md,docs\04-几何与拓扑\01-几何学基础\欧几里得几何应用案例-深度扩展版.md,docs,True
docs\00-全局文档索引-2025年12月.md,docs,欧氏与非欧几何为何本质上是射影几何的扩展——形式化论证（Cayley–Klein 视角）,./04-几何与拓扑/01-几何学基础/07-欧氏与非欧几何的射影视角-形式论证.md,docs\04-几何与拓扑\01-几何学基础\07-欧氏与非欧几何的射影视角-形式论证.md,docs,True
docs\00-全局文档索引-2025年12月.md,docs,射影视角文档导出说明（PDF/HTML）,./04-几何与拓扑/01-几何学基础/07-欧氏与非欧几何的射影视角-形式论证-导出说明.md,docs\04-几何与拓扑\01-几何学基础\07-欧氏与非欧几何的射影视角-形式论证-导出说明.md,docs,True
docs\00-全局文档索引-2025年12月.md,docs,微分几何核心 - 深度扩展版,./04-几何与拓扑/01-几何学基础/08-微分几何核心-深度扩展版.md,docs\04-几何与拓扑\01-几何学基础\08-微分几何核心-深度扩展版.md,docs,True
docs\00-全局文档索引-2025年12月.md,docs,2. 优化理论 / Optimization Theory,./08-计算数学/02-优化理论.md,docs\08-计算数学\02-优化理论.md,docs,True
docs\00-全局文档索引-2025年12月.md,docs,并行计算,./08-计算数学/04-并行计算.md,docs\08-计算数学\04-并行计算.md,docs,True
docs\00-全局文档索引-2025年12月.md,docs,符号计算,./08-计算数学/05-符号计算.md,docs\08-计算数学\05-符号计算.md,docs,True
docs\00-全局文档索引-2025年12月.md,docs,计算几何 / Computational Geometry,./08-计算数学/02-计算几何.md,docs\08-计算数学\02-计算几何.md,docs,True
docs\00-全局文档索引-2025年12月.md,docs,数值分析 - 增强版,./08-计算数学/01-数值分析-增强版.md,docs\08-计算数学\01-数值分析-增强版.md,docs,True
docs\00-全局文档索引-2025年12月.md,docs,数值分析 / Numerical Analysis,./08-计算数学/01-数值分析.md,docs\08-计算数学\01-数值分析.md,docs,True
docs\00-全局文档索引-2025年12月.md,docs,优化理论 - 增强版,./08-计算数学/02-优化理论-增强版.md,docs\08-计算数学\02-优化理论-增强版.md,docs,True
docs\00-全局文档索引-2025年12月.md,docs,优化算法,./08-计算数学/03-优化算法.md,docs\08-计算数学\03-优化算法.md,docs,True
docs\00-全局文档索引-2025年12月.md,docs,3. 模态逻辑 / Modal Logic,./07-数理逻辑/01-基础内容/03-模态逻辑.md,docs\07-数理逻辑\01-基础内容\03-模态逻辑.md,docs,True
docs\00-全局文档索引-2025年12月.md,docs,多值逻辑,./07-数理逻辑/01-基础内容/05-多值逻辑.md,docs\07-数理逻辑\01-基础内容\05-多值逻辑.md,docs,True
docs\00-全局文档索引-2025年12月.md,docs,命题逻辑 - 增强版,./07-数理逻辑/01-基础内容/01-命题逻辑-增强版.md,docs\07-数理逻辑\01-基础内容\01-命题逻辑-增强版.md,docs,True
docs\00-全局文档索引-2025年12月.md,docs,命题逻辑 / Propositional Logic,./00-知识层次体系/L1-形式化定义层/06-逻辑基础/01-命题逻辑.md,docs\00-知识层次体系\L1-形式化定义层\06-逻辑基础\01-命题逻辑.md,docs,True
docs\00-全局文档索引-2025年12月.md,docs,谓词逻辑 / Predicate Logic,./07-数理逻辑/01-基础内容/02-谓词逻辑.md,docs\07-数理逻辑\01-基础内容\02-谓词逻辑.md,docs,True
docs\00-全局文档索引-2025年12月.md,docs,直觉逻辑,./07-数理逻辑/01-基础内容/04-直觉逻辑.md,docs\07-数理逻辑\01-基础内容\04-直觉逻辑.md,docs,True
docs\00-全局文档索引-2025年12月.md,docs,6.1 初等数论 / Elementary Number Theory,./../数学家理念体系/勒让德数学理念/02-数学内容深度分析/01-数论贡献/01-数论方法.md,数学家理念体系\勒让德数学理念\02-数学内容深度分析\01-数论贡献\01-数论方法.md,数学家理念体系,True
docs\00-全局文档索引-2025年12月.md,docs,6.2 代数数论 / Algebraic Number Theory,./00-概念关联图谱/跨分支/02-代数数论桥梁.md,docs\00-概念关联图谱\跨分支\02-代数数论桥梁.md,docs,True
docs\00-全局文档索引-2025年12月.md,docs,6.3 解析数论 / Analytic Number Theory,./../数学家理念体系/魏尔斯特拉斯数学理念/02-数学内容深度分析/02-函数理论贡献/02-解析函数理论.md,数学家理念体系\魏尔斯特拉斯数学理念\02-数学内容深度分析\02-函数理论贡献\02-解析函数理论.md,数学家理念体系,True
docs\00-全局文档索引-2025年12月.md,docs,初等数论 - 增强版,./01-基础数学/基础数论/01-基础数论-增强版.md,docs\01-基础数学\基础数论\01-基础数论-增强版.md,docs,True
docs\00-全局文档索引-2025年12月.md,docs,计算数论,./08-计算数学/05-符号计算.md,docs\08-计算数学\05-符号计算.md,docs,True
docs\00-全局文档索引-2025年12月.md,docs,组合数论 / Combinatorial Number Theory,./../concept/核心概念/30-组合数.md,concept\核心概念\30-组合数.md,concept,True
docs\00-全局文档索引-2025年12月.md,docs,5.1 点集拓扑 / Point-Set Topology,./04-几何与拓扑/03-拓扑学内容/01-点集拓扑.md,docs\04-几何与拓扑\03-拓扑学内容\01-点集拓扑.md,docs,True
docs\00-全局文档索引-2025年12月.md,docs,5.2 代数拓扑 / Algebraic Topology,./04-几何与拓扑/03-拓扑学内容/02-代数拓扑.md,docs\04-几何与拓扑\03-拓扑学内容\02-代数拓扑.md,docs,True
docs\00-全局文档索引-2025年12月.md,docs,5.3 微分拓扑 / Differential Topology,./04-几何与拓扑/03-拓扑学内容/03-微分拓扑.md,docs\04-几何与拓扑\03-拓扑学内容\03-微分拓扑.md,docs,True
docs\00-全局文档索引-2025年12月.md,docs,5.4 同伦论 / Homotopy Theory,./04-几何与拓扑/03-拓扑学内容/04-同伦论.md,docs\04-几何与拓扑\03-拓扑学内容\04-同伦论.md,docs,True
docs\00-全局文档索引-2025年12月.md,docs,代数拓扑核心 - 深度扩展版,./04-几何与拓扑/03-拓扑学内容/03-代数拓扑核心-深度扩展版.md,docs\04-几何与拓扑\03-拓扑学内容\03-代数拓扑核心-深度扩展版.md,docs,True
docs\00-全局文档索引-2025年12月.md,docs,点集拓扑 - 深度扩展版,./04-几何与拓扑/03-拓扑学内容/01-点集拓扑-深度扩展版.md,docs\04-几何与拓扑\03-拓扑学内容\01-点集拓扑-深度扩展版.md,docs,True
docs\00-全局文档索引-2025年12月.md,docs,拓扑学国际标准对齐完成报告 - 2025年1月 / Topology International Standard Alignment Completion Report - January 2025,./04-几何与拓扑/03-拓扑学内容/拓扑学国际标准对齐完成报告-2025年1月.md,docs\04-几何与拓扑\03-拓扑学内容\拓扑学国际标准对齐完成报告-2025年1月.md,docs,True
docs\00-全局文档索引-2025年12月.md,docs,同调论,./04-几何与拓扑/03-拓扑学内容/05-同调论.md,docs\04-几何与拓扑\03-拓扑学内容\05-同调论.md,docs,True
docs\00-全局文档索引-2025年12月.md,docs,纤维丛理论,./04-几何与拓扑/03-拓扑学内容/06-纤维丛理论.md,docs\04-几何与拓扑\03-拓扑学内容\06-纤维丛理论.md,docs,True
docs\00-全局文档索引-2025年12月.md,docs,15.1 同调代数基础 / Homological Algebra Foundations,./02-代数结构/02-核心理论/同调代数深化-扩展/01-同调代数基础.md,docs\02-代数结构\02-核心理论\同调代数深化-扩展\01-同调代数基础.md,docs,True
docs\00-全局文档索引-2025年12月.md,docs,15.2 同调代数增强版 / Homological Algebra Enhanced,./02-代数结构/02-核心理论/同调代数深化-扩展/02-同调代数增强版.md,docs\02-代数结构\02-核心理论\同调代数深化-扩展\02-同调代数增强版.md,docs,True
docs\00-全局文档索引-2025年12月.md,docs,15.3 同调代数深度扩展版 / Homological Algebra Deep Extension,./02-代数结构/02-核心理论/同调代数深化-扩展/03-同调代数深度扩展版.md,docs\02-代数结构\02-核心理论\同调代数深化-扩展\03-同调代数深度扩展版.md,docs,True
docs\00-全局文档索引-2025年12月.md,docs,高级同调代数,./02-代数结构/02-核心理论/同调代数深化-扩展/高级同调代数.md,docs\02-代数结构\02-核心理论\同调代数深化-扩展\高级同调代数.md,docs,True
docs\00-全局文档索引-2025年12月.md,docs,14.1 微分几何基础 / Differential Geometry Foundations,./04-几何与拓扑/02-微分几何-扩展/01-微分几何基础.md,docs\04-几何与拓扑\02-微分几何-扩展\01-微分几何基础.md,docs,True
docs\00-全局文档索引-2025年12月.md,docs,14.2 微分几何增强版 / Differential Geometry Enhanced,./04-几何与拓扑/02-微分几何-扩展/02-微分几何增强版.md,docs\04-几何与拓扑\02-微分几何-扩展\02-微分几何增强版.md,docs,True
docs\00-全局文档索引-2025年12月.md,docs,14.3 微分几何深度扩展版 / Differential Geometry Deep Extension,./04-几何与拓扑/02-微分几何-扩展/03-微分几何深度扩展版.md,docs\04-几何与拓扑\02-微分几何-扩展\03-微分几何深度扩展版.md,docs,True
docs\00-全局文档索引-2025年12月.md,docs,1. 证明系统基础 / Proof System Foundations,./09-形式化证明/01-证明系统基础.md,docs\09-形式化证明\01-证明系统基础.md,docs,True
docs\00-全局文档索引-2025年12月.md,docs,机器学习证明系统 - 深化版,./09-形式化证明/06-机器学习证明系统-深化版.md,docs\09-形式化证明\06-机器学习证明系统-深化版.md,docs,True
docs\00-全局文档索引-2025年12月.md,docs,类型论与证明 - 深化版,./09-形式化证明/04-类型论与证明-深化版.md,docs\09-形式化证明\04-类型论与证明-深化版.md,docs,True
docs\00-全局文档索引-2025年12月.md,docs,量子证明系统 - 深化版,./09-形式化证明/05-量子证明系统-深化版.md,docs\09-形式化证明\05-量子证明系统-深化版.md,docs,True
docs\00-全局文档索引-2025年12月.md,docs,模型检测 - 深化版,./09-形式化证明/03-模型检测-深化版.md,docs\09-形式化证明\03-模型检测-深化版.md,docs,True
docs\00-全局文档索引-2025年12月.md,docs,区块链证明系统 - 深化版,./09-形式化证明/07-区块链证明系统-深化版.md,docs\09-形式化证明\07-区块链证明系统-深化版.md,docs,True
docs\00-全局文档索引-2025年12月.md,docs,形式化证明模块持续推进报告 - 2025年8月,./09-形式化证明/形式化证明模块持续推进报告-2025年8月.md,docs\09-形式化证明\形式化证明模块持续推进报告-2025年8月.md,docs,True
docs\00-全局文档索引-2025年12月.md,docs,形式化证明模块持续推进计划,./09-形式化证明/形式化证明模块持续推进计划.md,docs\09-形式化证明\形式化证明模块持续推进计划.md,docs,True
docs\00-全局文档索引-2025年12月.md,docs,形式化证明模块持续推进总结 - 2025年8月,./09-形式化证明/形式化证明模块持续推进总结-2025年8月.md,docs\09-形式化证明\形式化证明模块持续推进总结-2025年8月.md,docs,True
docs\00-全局文档索引-2025年12月.md,docs,形式化证明模块持续推进总结 - 第二阶段 (Rust实现扩展),./09-形式化证明/形式化证明模块持续推进总结-第二阶段.md,docs\09-形式化证明\形式化证明模块持续推进总结-第二阶段.md,docs,True
docs\00-全局文档索引-2025年12月.md,docs,形式化证明模块持续推进总结报告,./09-形式化证明/形式化证明模块持续推进总结报告.md,docs\09-形式化证明\形式化证明模块持续推进总结报告.md,docs,True
docs\00-全局文档索引-2025年12月.md,docs,证明系统基础 - 深度扩展版,./09-形式化证明/01-证明系统基础-深度扩展版.md,docs\09-形式化证明\01-证明系统基础-深度扩展版.md,docs,True
docs\00-全局文档索引-2025年12月.md,docs,自动定理证明 - 深化版,./09-形式化证明/02-自动定理证明-深化版.md,docs\09-形式化证明\02-自动定理证明-深化版.md,docs,True
docs\00-全局文档索引-2025年12月.md,docs,3. 运筹学 / Operations Research,./10-应用数学/03-运筹学.md,docs\10-应用数学\03-运筹学.md,docs,True
docs\00-全局文档索引-2025年12月.md,docs,4. 控制论 / Control Theory,./10-应用数学/04-控制论.md,docs\10-应用数学\04-控制论.md,docs,True
docs\00-全局文档索引-2025年12月.md,docs,概率论 / Probability Theory,./10-应用数学/01-概率论.md,docs\10-应用数学\01-概率论.md,docs,True
docs\00-全局文档索引-2025年12月.md,docs,概率论基础 - 深度扩展版,./10-应用数学/01-概率论-深度扩展版.md,docs\10-应用数学\01-概率论-深度扩展版.md,docs,True
docs\00-全局文档索引-2025年12月.md,docs,机器学习数学基础 / Mathematical Foundations of Machine Learning,./10-应用数学/06-机器学习数学基础.md,docs\10-应用数学\06-机器学习数学基础.md,docs,True
docs\00-全局文档索引-2025年12月.md,docs,计算几何数学 - 深化版,./10-应用数学/12-计算几何数学-深化版.md,docs\10-应用数学\12-计算几何数学-深化版.md,docs,True
docs\00-全局文档索引-2025年12月.md,docs,金融数学 - 深化版,./10-应用数学/12-金融数学-深化版.md,docs\10-应用数学\12-金融数学-深化版.md,docs,True
docs\00-全局文档索引-2025年12月.md,docs,控制论基础版,./10-应用数学/04-控制论-基础版.md,docs\10-应用数学\04-控制论-基础版.md,docs,True
docs\00-全局文档索引-2025年12月.md,docs,量子计算数学 - 深化版,./10-应用数学/14-量子计算数学-深化版.md,docs\10-应用数学\14-量子计算数学-深化版.md,docs,True
docs\00-全局文档索引-2025年12月.md,docs,流行病学数学深化版,./10-应用数学/03-流行病学数学-深化版.md,docs\10-应用数学\03-流行病学数学-深化版.md,docs,True
docs\00-全局文档索引-2025年12月.md,docs,区块链数学 - 深化版,./10-应用数学/13-区块链数学-深化版.md,docs\10-应用数学\13-区块链数学-深化版.md,docs,True
docs\00-全局文档索引-2025年12月.md,docs,人工智能数学 - 深化版,./10-应用数学/07-人工智能数学-深化版.md,docs\10-应用数学\07-人工智能数学-深化版.md,docs,True
docs\00-全局文档索引-2025年12月.md,docs,生物数学 - 深化版,./10-应用数学/08-生物数学-深化版.md,docs\10-应用数学\08-生物数学-深化版.md,docs,True
docs\00-全局文档索引-2025年12月.md,docs,生物统计学数学深化版,./10-应用数学/05-生物统计学数学-深化版.md,docs\10-应用数学\05-生物统计学数学-深化版.md,docs,True
docs\00-全局文档索引-2025年12月.md,docs,数据科学数学 - 深化版,./10-应用数学/11-数据科学数学-深化版.md,docs\10-应用数学\11-数据科学数学-深化版.md,docs,True
docs\00-全局文档索引-2025年12月.md,docs,统计学 / Statistics,./10-应用数学/02-统计学.md,docs\10-应用数学\02-统计学.md,docs,True
docs\00-全局文档索引-2025年12月.md,docs,网络科学数学 - 深化版,./10-应用数学/09-网络科学数学-深化版.md,docs\10-应用数学\09-网络科学数学-深化版.md,docs,True
docs\00-全局文档索引-2025年12月.md,docs,物理数学 - 深化版,./10-应用数学/11-物理数学-深化版.md,docs\10-应用数学\11-物理数学-深化版.md,docs,True
docs\00-全局文档索引-2025年12月.md,docs,信息论：香农源编码定理 - 深度扩展,./10-应用数学/信息论-香农编码定理-深度扩展.md,docs\10-应用数学\信息论-香农编码定理-深度扩展.md,docs,True
docs\00-全局文档索引-2025年12月.md,docs,信息论数学 - 深化版,./10-应用数学/10-信息论数学-深化版.md,docs\10-应用数学\10-信息论数学-深化版.md,docs,True
docs\00-全局文档索引-2025年12月.md,docs,药物动力学数学深化版,./10-应用数学/02-药物动力学数学-深化版.md,docs\10-应用数学\02-药物动力学数学-深化版.md,docs,True
docs\00-全局文档索引-2025年12月.md,docs,医学成像数学深化版,./10-应用数学/01-医学成像数学-深化版.md,docs\10-应用数学\01-医学成像数学-深化版.md,docs,True
docs\00-全局文档索引-2025年12月.md,docs,运筹学基础版,./10-应用数学/03-运筹学-基础版.md,docs\10-应用数学\03-运筹学-基础版.md,docs,True
docs\00-全局文档索引-2025年12月.md,docs,代数语义 - 完整形式化版,./10-语义模型/代数语义/02-代数语义.md,docs\10-语义模型\代数语义\02-代数语义.md,docs,True
docs\00-全局文档索引-2025年12月.md,docs,范畴语义 - 完整形式化版,./10-语义模型/范畴语义/04-范畴语义.md,docs\10-语义模型\范畴语义\04-范畴语义.md,docs,True
docs\00-全局文档索引-2025年12月.md,docs,机器学习语义学 - 完整形式化版,./10-语义模型/机器学习语义学-前沿扩展版.md,docs\10-语义模型\机器学习语义学-前沿扩展版.md,docs,True
docs\00-全局文档索引-2025年12月.md,docs,量子语义学 - 完整形式化版,./10-语义模型/量子语义学-前沿扩展版.md,docs\10-语义模型\量子语义学-前沿扩展版.md,docs,True
docs\00-全局文档索引-2025年12月.md,docs,逻辑语法语义关联性 - 深度扩展版,./10-语义模型/07-逻辑语法语义关联性-深度扩展版.md,docs\10-语义模型\07-逻辑语法语义关联性-深度扩展版.md,docs,True
docs\00-全局文档索引-2025年12月.md,docs,模型论基础 - 深度扩展版,./10-语义模型/模型论/01-模型论基础-深度扩展版.md,docs\10-语义模型\模型论\01-模型论基础-深度扩展版.md,docs,True
docs\00-全局文档索引-2025年12月.md,docs,模型论基础 - 完整形式化版,./00-知识层次体系/L3-理论建构层/04-逻辑数论方向/01-模型论基础.md,docs\00-知识层次体系\L3-理论建构层\04-逻辑数论方向\01-模型论基础.md,docs,True
docs\00-全局文档索引-2025年12月.md,docs,模型论基础 - 增强版,./10-语义模型/模型论/01-模型论基础-增强版.md,docs\10-语义模型\模型论\01-模型论基础-增强版.md,docs,True
docs\00-全局文档索引-2025年12月.md,docs,区块链语义学 - 完整形式化版,./10-语义模型/区块链语义学-前沿扩展版.md,docs\10-语义模型\区块链语义学-前沿扩展版.md,docs,True
docs\00-全局文档索引-2025年12月.md,docs,数学哲学与逻辑学关联性 - 后人类深化版,./10-语义模型/12-数学哲学与逻辑学关联性-后人类深化版.md,docs\10-语义模型\12-数学哲学与逻辑学关联性-后人类深化版.md,docs,True
docs\00-全局文档索引-2025年12月.md,docs,数学哲学与逻辑学关联性 - 技术实现版,./10-语义模型/10-数学哲学与逻辑学关联性-技术实现版.md,docs\10-语义模型\10-数学哲学与逻辑学关联性-技术实现版.md,docs,True
docs\00-全局文档索引-2025年12月.md,docs,数学哲学与逻辑学关联性 - 量子认知深化版,./10-语义模型/11-数学哲学与逻辑学关联性-量子认知深化版.md,docs\10-语义模型\11-数学哲学与逻辑学关联性-量子认知深化版.md,docs,True
docs\00-全局文档索引-2025年12月.md,docs,数学哲学与逻辑学关联性 - 前沿深化版,./10-语义模型/09-数学哲学与逻辑学关联性-前沿深化版.md,docs\10-语义模型\09-数学哲学与逻辑学关联性-前沿深化版.md,docs,True
docs\00-全局文档索引-2025年12月.md,docs,数学哲学与逻辑学关联性 - 深度扩展版,./10-语义模型/08-数学哲学与逻辑学关联性-深度扩展版.md,docs\10-语义模型\08-数学哲学与逻辑学关联性-深度扩展版.md,docs,True
docs\00-全局文档索引-2025年12月.md,docs,数学哲学与逻辑学关联性 - 生态深化版,./10-语义模型/13-数学哲学与逻辑学关联性-生态深化版.md,docs\10-语义模型\13-数学哲学与逻辑学关联性-生态深化版.md,docs,True
docs\00-全局文档索引-2025年12月.md,docs,拓扑语义 - 完整形式化版,./10-语义模型/拓扑语义/03-拓扑语义.md,docs\10-语义模型\拓扑语义\03-拓扑语义.md,docs,True
docs\00-全局文档索引-2025年12月.md,docs,游戏语义 - 完整形式化版,./10-语义模型/游戏语义/05-游戏语义.md,docs\10-语义模型\游戏语义\05-游戏语义.md,docs,True
docs\00-全局文档索引-2025年12月.md,docs,语义模型统一框架 - 完整形式化版,./10-语义模型/语义模型统一框架.md,docs\10-语义模型\语义模型统一框架.md,docs,True
docs\00-全局文档索引-2025年12月.md,docs,语义模型文件夹完善总结,./10-语义模型/语义模型完善总结.md,docs\10-语义模型\语义模型完善总结.md,docs,True
docs\00-全局文档索引-2025年12月.md,docs,语义模型哲学渊源完善总结,./10-语义模型/语义模型哲学渊源完善总结.md,docs\10-语义模型\语义模型哲学渊源完善总结.md,docs,True
docs\00-全局文档索引-2025年12月.md,docs,真值语义 - 完整形式化版,./10-语义模型/真值语义/06-真值语义.md,docs\10-语义模型\真值语义\06-真值语义.md,docs,True
docs\00-可视化内容索引.md,docs,04-微积分基本定理几何解释,./../数学家理念体系/牛顿数学理念/02-数学内容深度分析/01-微积分贡献/02-微积分基本定理.md,数学家理念体系\牛顿数学理念\02-数学内容深度分析\01-微积分贡献\02-微积分基本定理.md,数学家理念体系,True
docs\00-可视化内容索引.md,docs,05-复变函数共形映射,./00-知识层次体系/L3-理论建构层/02-分析方向/15-多复变函数.md,docs\00-知识层次体系\L3-理论建构层\02-分析方向\15-多复变函数.md,docs,True
docs\00-可视化内容索引.md,docs,08-模形式,./../数学家理念体系/塞尔数学理念/02-数学内容深度分析/03-数论贡献/03-模形式.md,数学家理念体系\塞尔数学理念\02-数学内容深度分析\03-数论贡献\03-模形式.md,数学家理念体系,True
docs\00-可视化内容索引.md,docs,04-开映射,./../数学家理念体系/黎曼数学理念/02-数学内容深度分析/03-复分析/01-黎曼映射定理.md,数学家理念体系\黎曼数学理念\02-数学内容深度分析\03-复分析\01-黎曼映射定理.md,数学家理念体系,True
docs\00-可视化内容索引.md,docs,05-庞加莱对偶,./../数学家理念体系/布劳威尔数学理念/06-对比研究/02-与庞加莱的对比.md,数学家理念体系\布劳威尔数学理念\06-对比研究\02-与庞加莱的对比.md,数学家理念体系,True
docs\00-可视化内容索引.md,docs,04-压缩感知,./应用案例库/08-数据科学/01-压缩感知理论.md,docs\应用案例库\08-数据科学\01-压缩感知理论.md,docs,True
docs\00-可视化内容索引.md,docs,04-零知识证明,./应用案例库/06-密码学安全/06-零知识证明基础.md,docs\应用案例库\06-密码学安全\06-零知识证明基础.md,docs,True
docs\00-可视化内容索引.md,docs,03-规范场论,./../数学家理念体系/外尔数学理念/02-数学内容深度分析/02-规范理论/03-规范场论.md,数学家理念体系\外尔数学理念\02-数学内容深度分析\02-规范理论\03-规范场论.md,数学家理念体系,True
docs\00-可视化内容索引.md,docs,04-统计力学,./10-应用数学/02-统计学.md,docs\10-应用数学\02-统计学.md,docs,True
docs\00-可视化内容索引.md,docs,01-Black-Scholes,./应用案例库/04-经济学金融应用/01-Black-Scholes期权定价.md,docs\应用案例库\04-经济学金融应用\01-Black-Scholes期权定价.md,docs,True
docs\00-可视化内容索引.md,docs,02-卡尔曼滤波,./应用案例库/03-工程学应用/04-卡尔曼滤波器.md,docs\应用案例库\03-工程学应用\04-卡尔曼滤波器.md,docs,True
docs\00-导航页面.md,docs,项目总览,../README.md,README.md,README.md,True
docs\00-导航页面.md,docs,数学家索引,../数学家理念体系/00-数学家索引-2025年12月.md,数学家理念体系\00-数学家索引-2025年12月.md,UNKNOWN,False
docs\00-导航页面.md,docs,术语词典总索引,./00-标准术语表-8语言.md,docs\00-标准术语表-8语言.md,UNKNOWN,False
docs\00-导航页面.md,docs,基础数学术语词典,./00-标准术语表-8语言.md,docs\00-标准术语表-8语言.md,UNKNOWN,False
docs\00-导航页面.md,docs,代数结构术语词典,./00-标准术语表-8语言.md,docs\00-标准术语表-8语言.md,UNKNOWN,False
docs\00-导航页面.md,docs,分析学术语词典,./00-标准术语表-8语言.md,docs\00-标准术语表-8语言.md,UNKNOWN,False
docs\00-导航页面.md,docs,几何学术语词典,./00-标准术语表-8语言.md,docs\00-标准术语表-8语言.md,UNKNOWN,False
docs\00-导航页面.md,docs,拓扑学术语词典,./00-标准术语表-8语言.md,docs\00-标准术语表-8语言.md,UNKNOWN,False
docs\00-导航页面.md,docs,数论术语词典,./00-标准术语表-8语言.md,docs\00-标准术语表-8语言.md,UNKNOWN,False
docs\00-导航页面.md,docs,数学家索引,../数学家理念体系/00-数学家索引-2025年12月.md,数学家理念体系\00-数学家索引-2025年12月.md,UNKNOWN,False
docs\00-导航页面.md,docs,数学家时间线索引,../数学家理念体系/00-数学家时间线索引.md,数学家理念体系\00-数学家时间线索引.md,数学家理念体系,True
docs\00-导航页面.md,docs,数学家关联性分析,../数学家理念体系/00-数学家关联性分析.md,数学家理念体系\00-数学家关联性分析.md,数学家理念体系,True
docs\00-导航页面.md,docs,数学家索引,../数学家理念体系/00-数学家索引-2025年12月.md,数学家理念体系\00-数学家索引-2025年12月.md,UNKNOWN,False
docs\00-导航页面.md,docs,项目总览,../README.md,README.md,README.md,True
docs\00-导航页面.md,docs,执行计划,./../00-归档/2026年01月/执行报告/00-执行计划-2025年12月29日.md,00-归档\2026年01月\执行报告\00-执行计划-2025年12月29日.md,00-归档,True
docs\00-导航页面.md,docs,项目整体进度总结,./../00-归档/2026年01月/历史报告/00-项目整体进度总结-2025年12月31日.md,00-归档\2026年01月\历史报告\00-项目整体进度总结-2025年12月31日.md,00-归档,True
docs\00-导航页面.md,docs,🎓 项目使用指南,../00-FormalMath项目使用指南-完整版.md,00-FormalMath项目使用指南-完整版.md,00-FormalMath项目使用指南-完整版.md,True
docs\00-导航页面.md,docs,📖 项目内容索引,../00-FormalMath项目内容索引-完整版.md,00-FormalMath项目内容索引-完整版.md,00-FormalMath项目内容索引-完整版.md,True
docs\00-数学符号对照表.md,docs,数学符号规范文档,./00-数学符号规范文档.md,docs\00-数学符号规范文档.md,docs,True
docs\00-数学符号对照表.md,docs,数学符号速查表,./00-数学符号速查表.md,docs\00-数学符号速查表.md,docs,True
docs\00-数学符号对照表.md,docs,符号系统规范,../concept/00-符号系统规范-2025年11月.md,concept\00-符号系统规范-2025年11月.md,concept,True
docs\00-数学符号规范文档.md,docs,数学符号速查表,./00-数学符号速查表.md,docs\00-数学符号速查表.md,docs,True
docs\00-数学符号规范文档.md,docs,LaTeX数学排版速查,./00-学术写作支持系统/写作资源/04-LaTeX数学排版速查.md,docs\00-学术写作支持系统\写作资源\04-LaTeX数学排版速查.md,docs,True
docs\00-数学符号规范文档.md,docs,术语标准化词典,./01-基础数学/术语标准化词典-国际标准版.md,docs\01-基础数学\术语标准化词典-国际标准版.md,docs,True
docs\00-数学符号规范文档.md,docs,符号系统规范,./../concept/00-符号系统规范-2025年11月.md,concept\00-符号系统规范-2025年11月.md,concept,True
docs\00-数学符号速查表.md,docs,数学符号规范文档,./00-数学符号规范文档.md,docs\00-数学符号规范文档.md,docs,True
docs\00-数学符号速查表.md,docs,LaTeX数学排版速查,./00-学术写作支持系统/写作资源/04-LaTeX数学排版速查.md,docs\00-学术写作支持系统\写作资源\04-LaTeX数学排版速查.md,docs,True
docs\00-数学符号速查表.md,docs,术语标准化词典,./01-基础数学/术语标准化词典-国际标准版.md,docs\01-基础数学\术语标准化词典-国际标准版.md,docs,True
docs\00-数学符号速查表.md,docs,数学符号规范文档,./00-数学符号规范文档.md,docs\00-数学符号规范文档.md,docs,True
docs\00-文档关联报告-2025年12月.md,docs,docs/FormalMath术语词典总索引.md,./00-标准术语表-8语言.md,docs\00-标准术语表-8语言.md,UNKNOWN,False
docs\00-文档关联报告-2025年12月.md,docs,docs/FormalMath术语词典框架-2025年1月.md,./FormalMath术语词典框架-2025年1月.md,docs\FormalMath术语词典框架-2025年1月.md,docs,True
docs\00-文档关联报告-2025年12月.md,docs,docs/FormalMath术语词典框架-2025年1月.md,./FormalMath术语词典框架-2025年1月.md,docs\FormalMath术语词典框架-2025年1月.md,docs,True
docs\00-文档关联报告-2025年12月.md,docs,docs/FormalMath术语词典总索引.md,./00-标准术语表-8语言.md,docs\00-标准术语表-8语言.md,UNKNOWN,False
docs\00-文档关联报告-2025年12月.md,docs,docs/FormalMath术语词典框架-2025年1月.md,./FormalMath术语词典框架-2025年1月.md,docs\FormalMath术语词典框架-2025年1月.md,docs,True
docs\00-文档关联报告-2025年12月.md,docs,docs/FormalMath术语词典总索引.md,./00-标准术语表-8语言.md,docs\00-标准术语表-8语言.md,UNKNOWN,False
docs\00-文档关联报告-2025年12月.md,docs,docs/FormalMath术语词典框架-2025年1月.md,./FormalMath术语词典框架-2025年1月.md,docs\FormalMath术语词典框架-2025年1月.md,docs,True
docs\00-文档关联报告-2025年12月.md,docs,docs/FormalMath术语词典总索引.md,./00-标准术语表-8语言.md,docs\00-标准术语表-8语言.md,UNKNOWN,False
docs\00-文档关联报告-2025年12月.md,docs,docs/FormalMath术语词典框架-2025年1月.md,./FormalMath术语词典框架-2025年1月.md,docs\FormalMath术语词典框架-2025年1月.md,docs,True
docs\00-文档关联报告-2025年12月.md,docs,docs/FormalMath术语词典总索引.md,./00-标准术语表-8语言.md,docs\00-标准术语表-8语言.md,UNKNOWN,False
docs\00-文档关联报告-2025年12月.md,docs,docs/FormalMath术语词典框架-2025年1月.md,./FormalMath术语词典框架-2025年1月.md,docs\FormalMath术语词典框架-2025年1月.md,docs,True
docs\00-文档关联报告-2025年12月.md,docs,docs/FormalMath术语词典总索引.md,./00-标准术语表-8语言.md,docs\00-标准术语表-8语言.md,UNKNOWN,False
docs\00-文档关联报告-2025年12月.md,docs,docs/FormalMath术语词典总索引.md,./00-标准术语表-8语言.md,docs\00-标准术语表-8语言.md,UNKNOWN,False
docs\00-文档关联报告-2025年12月.md,docs,docs/FormalMath术语词典框架-2025年1月.md,./FormalMath术语词典框架-2025年1月.md,docs\FormalMath术语词典框架-2025年1月.md,docs,True
docs\00-文档关联报告-2025年12月.md,docs,docs/FormalMath术语词典总索引.md,./00-标准术语表-8语言.md,docs\00-标准术语表-8语言.md,UNKNOWN,False
docs\00-文档关联报告-2025年12月.md,docs,docs/FormalMath术语词典框架-2025年1月.md,./FormalMath术语词典框架-2025年1月.md,docs\FormalMath术语词典框架-2025年1月.md,docs,True
docs\00-文档关联报告-2025年12月.md,docs,docs/FormalMath术语词典总索引.md,./00-标准术语表-8语言.md,docs\00-标准术语表-8语言.md,UNKNOWN,False
docs\00-文档关联报告-2025年12月.md,docs,docs/FormalMath术语词典框架-2025年1月.md,./FormalMath术语词典框架-2025年1月.md,docs\FormalMath术语词典框架-2025年1月.md,docs,True
docs\00-文档关联报告-2025年12月.md,docs,docs/FormalMath术语词典总索引.md,./00-标准术语表-8语言.md,docs\00-标准术语表-8语言.md,UNKNOWN,False
docs\00-文档关联报告-2025年12月.md,docs,docs/FormalMath术语词典框架-2025年1月.md,./FormalMath术语词典框架-2025年1月.md,docs\FormalMath术语词典框架-2025年1月.md,docs,True
docs\00-文档关联报告-2025年12月.md,docs,docs/FormalMath术语词典总索引.md,./00-标准术语表-8语言.md,docs\00-标准术语表-8语言.md,UNKNOWN,False
docs\00-文档关联报告-2025年12月.md,docs,docs/FormalMath术语词典框架-2025年1月.md,./FormalMath术语词典框架-2025年1月.md,docs\FormalMath术语词典框架-2025年1月.md,docs,True
docs\00-文档格式检查报告.md,docs,集合,./visualizations/思维导图/概念/开集.md,docs\visualizations\思维导图\概念\开集.md,docs,True
docs\00-文档格式检查报告.md,docs,二元运算,./../ref/Books/AbstractAlgebra/Alcock L. How to Think About Abstract Algebra 2021/01-核心概念/02-二元运算.md,ref\Books\AbstractAlgebra\Alcock L. How to Think About Abstract Algebra 2021\01-核心概念\02-二元运算.md,ref,True
docs\00-文档格式检查报告.md,docs,等价关系,./visualizations/思维导图/概念/同伦等价.md,docs\visualizations\思维导图\概念\同伦等价.md,docs,True
docs\00-文档格式检查报告.md,docs,环,./visualizations/思维导图/概念/环.md,docs\visualizations\思维导图\概念\环.md,docs,True
docs\00-文档格式检查报告.md,docs,13.1 代数几何基础 / Algebraic Geometry Foundations,./02-代数结构/02-核心理论/代数几何/01-代数几何基础.md,docs\02-代数结构\02-核心理论\代数几何\01-代数几何基础.md,docs,True
docs\00-文档格式检查报告.md,docs,13.2 代数几何增强版 / Algebraic Geometry Enhanced,./02-代数结构/02-核心理论/代数几何/02-代数几何增强版.md,docs\02-代数结构\02-核心理论\代数几何\02-代数几何增强版.md,docs,True
docs\00-文档格式检查报告.md,docs,13.3 代数几何深度扩展版 / Algebraic Geometry Deep Extension,./02-代数结构/02-核心理论/代数几何/03-代数几何深度扩展版.md,docs\02-代数结构\02-核心理论\代数几何\03-代数几何深度扩展版.md,docs,True
docs\00-文档格式检查报告.md,docs,Lean4形式化实现-代数几何 / Lean 4 Formalization - Algebraic Geometry,./02-代数结构/02-核心理论/代数几何/Lean4形式化实现-代数几何.md,docs\02-代数结构\02-核心理论\代数几何\Lean4形式化实现-代数几何.md,docs,True
docs\00-文档格式检查报告.md,docs,04-微积分基本定理几何解释,./../数学家理念体系/牛顿数学理念/02-数学内容深度分析/01-微积分贡献/02-微积分基本定理.md,数学家理念体系\牛顿数学理念\02-数学内容深度分析\01-微积分贡献\02-微积分基本定理.md,数学家理念体系,True
docs\00-文档格式检查报告.md,docs,05-复变函数共形映射,./00-知识层次体系/L3-理论建构层/02-分析方向/15-多复变函数.md,docs\00-知识层次体系\L3-理论建构层\02-分析方向\15-多复变函数.md,docs,True
docs\00-文档格式检查报告.md,docs,08-模形式,./../数学家理念体系/塞尔数学理念/02-数学内容深度分析/03-数论贡献/03-模形式.md,数学家理念体系\塞尔数学理念\02-数学内容深度分析\03-数论贡献\03-模形式.md,数学家理念体系,True
docs\00-文档格式检查报告.md,docs,执行计划,./../00-归档/2026年01月/执行报告/00-执行计划-2025年12月29日.md,00-归档\2026年01月\执行报告\00-执行计划-2025年12月29日.md,00-归档,True
docs\00-文档格式检查报告.md,docs,项目整体进度总结,./../00-归档/2026年01月/历史报告/00-项目整体进度总结-2025年12月31日.md,00-归档\2026年01月\历史报告\00-项目整体进度总结-2025年12月31日.md,00-归档,True
docs\00-文档格式检查报告.md,docs,02-代数结构,./README.md,docs\README.md,docs,True
docs\00-文档格式检查报告.md,docs,数学家理念体系,./README.md,docs\README.md,docs,True
docs\00-文档格式检查报告.md,docs,LaTeX数学排版速查,./00-学术写作支持系统/写作资源/04-LaTeX数学排版速查.md,docs\00-学术写作支持系统\写作资源\04-LaTeX数学排版速查.md,docs,True
docs\00-文档格式检查报告.md,docs,术语标准化词典,./01-基础数学/术语标准化词典-国际标准版.md,docs\01-基础数学\术语标准化词典-国际标准版.md,docs,True
docs\00-文档格式检查报告.md,docs,符号系统规范,./../concept/00-符号系统规范-2025年11月.md,concept\00-符号系统规范-2025年11月.md,concept,True
docs\00-文档格式检查报告.md,docs,docs/FormalMath术语词典总索引.md,./00-标准术语表-8语言.md,docs\00-标准术语表-8语言.md,UNKNOWN,False
docs\00-文档格式检查报告.md,docs,docs/FormalMath术语词典框架-2025年1月.md,./FormalMath术语词典框架-2025年1月.md,docs\FormalMath术语词典框架-2025年1月.md,docs,True
docs\00-文档格式检查报告.md,docs,docs/FormalMath术语词典框架-2025年1月.md,./FormalMath术语词典框架-2025年1月.md,docs\FormalMath术语词典框架-2025年1月.md,docs,True
docs\00-文档格式检查报告.md,docs,docs/FormalMath术语词典总索引.md,./00-标准术语表-8语言.md,docs\00-标准术语表-8语言.md,UNKNOWN,False
docs\00-文档格式检查报告.md,docs,集合,./visualizations/思维导图/概念/开集.md,docs\visualizations\思维导图\概念\开集.md,docs,True
docs\00-文档格式检查报告.md,docs,二元运算,./../ref/Books/AbstractAlgebra/Alcock L. How to Think About Abstract Algebra 2021/01-核心概念/02-二元运算.md,ref\Books\AbstractAlgebra\Alcock L. How to Think About Abstract Algebra 2021\01-核心概念\02-二元运算.md,ref,True
docs\00-文档格式检查报告.md,docs,等价关系,./visualizations/思维导图/概念/同伦等价.md,docs\visualizations\思维导图\概念\同伦等价.md,docs,True
docs\00-文档格式检查报告.md,docs,环,./visualizations/思维导图/概念/环.md,docs\visualizations\思维导图\概念\环.md,docs,True
docs\00-文档格式检查报告.md,docs,13.1 代数几何基础 / Algebraic Geometry Foundations,./02-代数结构/02-核心理论/代数几何/01-代数几何基础.md,docs\02-代数结构\02-核心理论\代数几何\01-代数几何基础.md,docs,True
docs\00-文档格式检查报告.md,docs,04-模论应用-代数几何版.md,./02-代数结构/03-应用分析/模论应用/04-模论应用-代数几何版.md,docs\02-代数结构\03-应用分析\模论应用\04-模论应用-代数几何版.md,docs,True
docs\00-文档格式检查报告.md,docs,06-纤维丛理论.md,./04-几何与拓扑/03-拓扑学内容/06-纤维丛理论.md,docs\04-几何与拓扑\03-拓扑学内容\06-纤维丛理论.md,docs,True
docs\00-文档格式检查报告.md,docs,自然数构造-国际标准对照版.md,./01-基础数学/自然数构造-国际标准对照版.md,docs\01-基础数学\自然数构造-国际标准对照版.md,docs,True
docs\00-文档格式检查报告.md,docs,ZFC公理体系完整形式化-自然数构造详细版.md,./01-基础数学/ZFC公理体系/ZFC公理体系完整形式化-自然数构造详细版.md,docs\01-基础数学\ZFC公理体系\ZFC公理体系完整形式化-自然数构造详细版.md,docs,True
