"File","WordCount","Level","StructureScore","HasDefinition","HasTheorem","HasProof","HasExample","HasApplication","IsShallow"
"docs\CI与周报说明.md","143","L0","0","False","False","False","False","False","True"
"docs\FormalMath交互式学习内容推进报告-2025年1月.md","4051","L2","3","True","False","True","False","True","True"
"docs\FormalMath内容更新与维护系统.md","1629","L0","4","True","True","True","False","True","False"
"docs\FormalMath内容质量标准-2025年12月.md","1305","L0","5","True","True","True","True","True","False"
"docs\FormalMath参考文献格式标准-2025年1月.md","1321","L0","1","False","False","True","False","False","False"
"docs\FormalMath多任务推进完成报告-2025年1月.md","5450","L2","1","False","False","False","False","True","True"
"docs\FormalMath定义表述模板.md","3707","L1","2","True","False","False","True","False","True"
"docs\FormalMath文件命名规范-2025年12月.md","1468","L0","2","True","False","False","False","True","False"
"docs\FormalMath文档格式规范-2025年12月.md","1520","L0","1","True","False","False","False","False","False"
"docs\FormalMath术语标准化完成报告-2025年1月.md","3249","L1","2","True","False","False","False","True","True"
"docs\FormalMath术语标准化推进报告-2025年1月.md","6990","L3","4","True","True","False","True","True","False"
"docs\FormalMath术语词典-代数结构.md","48308","L3","5","True","True","True","True","True","False"
"docs\FormalMath术语词典-几何学.md","16631","L3","4","True","True","True","False","True","False"
"docs\FormalMath术语词典-分析学.md","29762","L3","4","True","True","True","False","True","False"
"docs\FormalMath术语词典-基础数学.md","30346","L3","5","True","True","True","True","True","False"
"docs\FormalMath术语词典-拓扑学.md","14733","L3","4","True","True","True","False","True","False"
"docs\FormalMath术语词典-数论.md","12667","L3","4","True","True","True","False","True","False"
"docs\FormalMath术语词典总索引.md","2657","L1","3","True","True","False","False","True","False"
"docs\FormalMath术语词典框架-2025年1月.md","1355","L0","5","True","True","True","True","True","False"
"docs\FormalMath概念分析框架-示例与模板-2025年11月12日.md","3072","L1","3","True","False","False","True","True","False"
"docs\FormalMath现代数学前沿内容框架-2025年1月.md","1886","L0","4","True","True","True","False","True","False"
"docs\FormalMath现代数学前沿内容深化推进报告-2025年1月.md","3659","L1","5","True","True","True","True","True","False"
"docs\FormalMath目录结构规范-2025年12月.md","1551","L0","2","True","False","False","False","True","False"
"docs\FormalMath知识关联图谱系统.md","1298","L0","4","True","True","True","False","True","False"
"docs\FormalMath符号使用规范.md","2252","L1","1","True","False","False","False","False","True"
"docs\FormalMath符号标准化推进报告-2025年1月.md","3110","L1","2","True","False","False","True","False","True"
"docs\FormalMath质量保证机制推进报告-2025年1月.md","4169","L2","4","True","True","True","False","True","False"
"docs\交互式图表增强-2025年1月.md","2603","L1","3","True","True","False","True","False","False"
"docs\前沿学习路径系统-2025年8月30日.md","5621","L2","5","True","True","True","True","True","False"
"docs\历史背景补充-2025年1月.md","3334","L1","4","True","True","True","False","True","False"
"docs\反例与特殊情况补充-2025年1月.md","2558","L1","3","True","True","True","False","False","False"
"docs\可视化内容增强-2025年1月.md","1875","L0","1","False","True","False","False","False","False"
"docs\可视化内容增强方案-2025年8月30日.md","2303","L1","4","True","True","True","False","True","False"
"docs\可视化内容实现-2025年8月30日.md","2317","L1","4","True","True","True","False","True","False"
"docs\可视化内容推进总结-2025年11月20日.md","8405","L3","5","True","True","True","True","True","False"
"docs\国际标准对齐指南-2025年1月.md","1781","L0","3","True","False","True","False","True","False"
"docs\国际标准对齐检查清单-2025年8月30日.md","2238","L1","4","True","True","True","False","True","False"
"docs\多任务推进看板-2025年1月.md","745","L0","2","False","False","True","False","True","True"
"docs\学习路径样例-代数几何.md","746","L0","2","False","True","False","False","True","True"
"docs\学习路径样例-同调代数.md","607","L0","3","True","True","False","False","True","True"
"docs\学习路径样例-微分几何.md","1012","L0","3","True","True","False","False","True","False"
"docs\学习路径样例-表示论.md","579","L0","3","True","True","False","False","True","True"
"docs\定理证明补充-2025年1月.md","2832","L1","4","True","True","True","False","True","False"
"docs\实例表征完善指南.md","2288","L1","5","True","True","True","True","True","False"
"docs\实例表征完善示例-实分析.md","3927","L1","5","True","True","True","True","True","False"
"docs\实例表征完善示例-拓扑学.md","3787","L1","5","True","True","True","True","True","False"
"docs\实例表征完善示例-数论.md","3924","L1","4","True","True","False","True","True","False"
"docs\实例表征完善示例-群论.md","3589","L1","4","True","True","False","True","True","False"
"docs\实例表征完善示例-集合论.md","3740","L1","2","True","False","False","False","True","True"
"docs\应用案例补充-2025年8月30日.md","3420","L1","2","False","False","False","True","True","True"
"docs\数学分类体系对齐分析报告.md","3254","L1","4","True","True","True","False","True","False"
"docs\数学符号使用规范-2025年1月.md","2022","L1","3","True","False","True","False","True","False"
"docs\术语与符号自动检查-MVP-2025年1月.md","558","L0","2","True","True","False","False","False","True"
"docs\知识关联图谱系统-2025年8月30日.md","2865","L1","5","True","True","True","True","True","False"
"docs\质量检查清单-2025年1月.md","529","L0","3","True","False","True","False","True","True"
"docs\跨分支知识关联图谱-2025年11月20日.md","1694","L0","3","False","True","True","False","True","False"
"docs\项目索引.md","8556","L3","3","False","True","True","False","True","False"
"docs\00-核心概念理解三问\01-群-理解三问.md","1735","L0","4","True","True","False","True","True","False"
"docs\00-核心概念理解三问\01-跨领域类比图谱.md","1402","L0","3","False","True","True","True","False","False"
"docs\00-核心概念理解三问\02-连续性-理解三问.md","1726","L0","5","True","True","True","True","True","False"
"docs\00-核心概念理解三问\03-拓扑空间-理解三问.md","1582","L0","3","True","True","False","True","False","False"
"docs\00-核心概念理解三问\04-同构-理解三问.md","1524","L0","4","True","True","True","True","False","False"
"docs\00-核心概念理解三问\05-极限-理解三问.md","1333","L0","4","True","True","True","True","False","False"
"docs\00-核心概念理解三问\06-向量空间-理解三问.md","1441","L0","4","True","True","False","True","True","False"
"docs\00-核心概念理解三问\07-同伦-理解三问.md","1367","L0","5","True","True","True","True","True","False"
"docs\00-核心概念理解三问\08-测度-理解三问.md","1205","L0","4","True","True","False","True","True","False"
"docs\00-核心概念理解三问\09-流形-理解三问.md","1359","L0","3","True","True","False","True","False","False"
"docs\00-核心概念理解三问\10-范畴-理解三问.md","1575","L0","3","True","True","False","True","False","False"
"docs\00-核心概念理解三问\11-核心定理多表征\01-Lagrange定理-五种表征.md","1247","L0","5","True","True","True","True","True","False"
"docs\00-核心概念理解三问\11-核心定理多表征\02-第一同构定理-五种表征.md","1265","L0","4","True","True","True","True","False","False"
"docs\00-核心概念理解三问\11-核心定理多表征\03-介值定理-五种表征.md","1462","L0","3","False","True","True","False","True","False"
"docs\00-核心概念理解三问\11-核心定理多表征\04-Brouwer不动点定理-五种表征.md","1409","L0","4","True","True","True","False","True","False"
"docs\00-核心概念理解三问\11-核心定理多表征\05-米田引理-五种表征.md","1761","L0","5","True","True","True","True","True","False"
"docs\00-核心概念理解三问\11-核心定理多表征\06-Stokes定理-五种表征.md","1357","L0","4","True","True","True","True","False","False"
"docs\00-核心概念理解三问\11-核心定理多表征\07-Gödel不完备定理-五种表征.md","1757","L0","3","True","True","True","False","False","False"
"docs\00-核心概念理解三问\11-核心定理多表征\08-Cayley定理-五种表征.md","335","L0","2","False","True","True","False","False","True"
"docs\00-核心概念理解三问\11-核心定理多表征\09-单调收敛定理-五种表征.md","843","L0","5","True","True","True","True","True","True"
"docs\00-核心概念理解三问\11-核心定理多表征\10-控制收敛定理-五种表征.md","966","L0","5","True","True","True","True","True","True"
"docs\00-核心概念理解三问\11-核心定理多表征\11-Cantor对角线定理-五种表征.md","1212","L0","3","False","True","True","False","True","False"
"docs\00-核心概念理解三问\11-核心定理多表征\12-Gauss-Bonnet定理-五种表征.md","1107","L0","3","False","True","True","False","True","False"
"docs\00-核心概念理解三问\11-核心定理多表征\13-Tychonoff定理-五种表征.md","1071","L0","4","False","True","True","True","True","False"
"docs\00-核心概念理解三问\11-核心定理多表征\14-Cauchy积分公式-五种表征.md","847","L0","3","False","True","True","False","True","True"
"docs\00-核心概念理解三问\11-核心定理多表征\15-隐函数定理-五种表征.md","1089","L0","4","True","True","True","False","True","False"
"docs\00-核心概念理解三问\11-核心定理多表征\16-Zorn引理-五种表征.md","1213","L0","4","True","True","True","False","True","False"
"docs\00-核心概念理解三问\11-核心定理多表征\17-极值定理-五种表征.md","465","L0","1","False","True","False","False","False","True"
"docs\00-核心概念理解三问\11-核心定理多表征\18-有限域分类定理-五种表征.md","535","L0","3","False","True","False","True","True","True"
"docs\00-核心概念理解三问\11-核心定理多表征\19-唯一分解定理-五种表征.md","566","L0","1","False","True","False","False","False","True"
"docs\00-核心概念理解三问\11-核心定理多表征\20-Urysohn引理-五种表征.md","567","L0","2","False","True","False","False","True","True"
"docs\00-核心概念理解三问\11-核心定理多表征\21-van Kampen定理-五种表征.md","499","L0","3","False","True","False","True","True","True"
"docs\00-核心概念理解三问\11-核心定理多表征\22-Seifert-van Kampen定理-五种表征.md","557","L0","3","False","True","False","True","True","True"
"docs\00-核心概念理解三问\11-核心定理多表征\23-反函数定理-五种表征.md","597","L0","3","True","True","False","True","False","True"
"docs\00-核心概念理解三问\11-核心定理多表征\24-Frobenius定理-五种表征.md","665","L0","2","False","True","False","False","True","True"
"docs\00-核心概念理解三问\11-核心定理多表征\25-伴随函子存在定理-五种表征.md","716","L0","1","False","True","False","False","False","True"
"docs\00-核心概念理解三问\11-核心定理多表征\26-素数定理-五种表征.md","583","L0","1","False","True","False","False","False","True"
"docs\00-核心概念理解三问\11-核心定理多表征\27-二次互反律-五种表征.md","611","L0","2","False","True","False","False","True","True"
"docs\00-核心概念理解三问\11-核心定理多表征\28-Stone-Weierstrass定理-五种表征.md","688","L0","1","False","True","False","False","False","True"
"docs\00-核心概念理解三问\11-核心定理多表征\29-Baire纲定理-五种表征.md","709","L0","4","False","True","True","True","True","True"
"docs\00-核心概念理解三问\11-核心定理多表征\30-Hahn-Banach定理-五种表征.md","770","L0","3","True","True","False","False","True","True"
"docs\00-核心概念理解三问\11-核心定理多表征\31-开映射定理-五种表征.md","679","L0","3","False","True","True","False","True","True"
"docs\00-核心概念理解三问\11-核心定理多表征\32-Riesz表示定理-五种表征.md","683","L0","4","True","True","False","True","True","True"
"docs\00-核心概念理解三问\11-核心定理多表征\33-Fubini定理-五种表征.md","702","L0","3","False","True","False","True","True","True"
"docs\00-核心概念理解三问\11-核心定理多表征\34-Radon-Nikodym定理-五种表征.md","588","L0","3","False","True","False","True","True","True"
"docs\00-核心概念理解三问\11-核心定理多表征\35-de Rham定理-五种表征.md","681","L0","3","False","True","True","True","False","True"
"docs\00-核心概念理解三问\11-核心定理多表征\36-Riemann映射定理-五种表征.md","604","L0","1","False","True","False","False","False","True"
"docs\00-核心概念理解三问\11-核心定理多表征\37-留数定理-五种表征.md","642","L0","3","True","True","False","False","True","True"
"docs\00-核心概念理解三问\11-核心定理多表征\38-Sylow定理-五种表征.md","642","L0","2","False","True","False","False","True","True"
"docs\00-核心概念理解三问\11-核心定理多表征\39-Jordan标准形-五种表征.md","670","L0","1","False","True","False","False","False","True"
"docs\00-核心概念理解三问\11-核心定理多表征\40-谱定理-五种表征.md","710","L0","2","False","True","False","False","True","True"
"docs\00-核心概念理解三问\11-核心定理多表征\41-Hilbert零点定理-五种表征.md","713","L0","3","False","True","True","True","False","True"
"docs\00-核心概念理解三问\11-核心定理多表征\42-Noether定理-五种表征.md","751","L0","1","False","True","False","False","False","True"
"docs\00-核心概念理解三问\11-核心定理多表征\43-Poincaré引理-五种表征.md","668","L0","2","False","True","True","False","False","True"
"docs\00-核心概念理解三问\11-核心定理多表征\44-Artin-Wedderburn定理-五种表征.md","676","L0","2","False","True","True","False","False","True"
"docs\00-核心概念理解三问\11-核心定理多表征\45-Banach不动点定理-五种表征.md","651","L0","2","False","True","False","False","True","True"
"docs\00-核心概念理解三问\11-核心定理多表征\46-中心极限定理-五种表征.md","700","L0","1","False","True","False","False","False","True"
"docs\00-核心概念理解三问\11-核心定理多表征\47-大数定律-五种表征.md","643","L0","1","False","True","False","False","False","True"
"docs\00-核心概念理解三问\11-核心定理多表征\48-Ascoli-Arzelà定理-五种表征.md","682","L0","2","False","True","False","False","True","True"
"docs\00-核心概念理解三问\11-核心定理多表征\49-Poincaré对偶-五种表征.md","571","L0","2","True","True","False","False","False","True"
"docs\00-核心概念理解三问\11-核心定理多表征\50-Hurewicz定理-五种表征.md","645","L0","3","False","True","False","True","True","True"
"docs\00-核心概念理解三问\11-核心定理多表征\51-Whitney嵌入定理-五种表征.md","214","L0","1","False","True","False","False","False","True"
"docs\00-核心概念理解三问\11-核心定理多表征\52-Nash嵌入定理-五种表征.md","244","L0","1","False","True","False","False","False","True"
"docs\00-核心概念理解三问\11-核心定理多表征\53-Atiyah-Singer指标定理-五种表征.md","248","L0","1","False","True","False","False","False","True"
"docs\00-核心概念理解三问\11-核心定理多表征\54-Serre对偶-五种表征.md","209","L0","1","False","True","False","False","False","True"
"docs\00-核心概念理解三问\11-核心定理多表征\55-Riemann-Roch定理-五种表征.md","221","L0","1","False","True","False","False","False","True"
"docs\00-核心概念理解三问\11-核心定理多表征\56-Hodge分解定理-五种表征.md","260","L0","1","False","True","False","False","False","True"
"docs\00-核心概念理解三问\11-核心定理多表征\57-Weyl特征标公式-五种表征.md","249","L0","1","False","True","False","False","False","True"
"docs\00-核心概念理解三问\11-核心定理多表征\58-Schur正交性关系-五种表征.md","221","L0","1","False","True","False","False","False","True"
"docs\00-核心概念理解三问\11-核心定理多表征\59-Maschke定理-五种表征.md","219","L0","1","False","True","False","False","False","True"
"docs\00-核心概念理解三问\11-核心定理多表征\60-Burnside引理-五种表征.md","221","L0","1","False","True","False","False","False","True"
"docs\00-核心概念理解三问\11-核心定理多表征\61-Cayley-Hamilton定理-五种表征.md","243","L0","2","True","True","False","False","False","True"
"docs\00-核心概念理解三问\11-核心定理多表征\62-Perron-Frobenius定理-五种表征.md","243","L0","2","False","True","False","False","True","True"
"docs\00-核心概念理解三问\11-核心定理多表征\63-奇异值分解-五种表征.md","260","L0","1","False","True","False","False","False","True"
"docs\00-核心概念理解三问\11-核心定理多表征\64-Gram-Schmidt正交化-五种表征.md","228","L0","1","False","True","False","False","False","True"
"docs\00-核心概念理解三问\11-核心定理多表征\65-Bolzano-Weierstrass定理-五种表征.md","221","L0","1","False","True","False","False","False","True"
"docs\00-核心概念理解三问\11-核心定理多表征\66-Heine-Borel定理-五种表征.md","181","L0","1","False","True","False","False","False","True"
"docs\00-核心概念理解三问\11-核心定理多表征\67-Taylor定理-五种表征.md","207","L0","1","False","True","False","False","False","True"
"docs\00-核心概念理解三问\11-核心定理多表征\68-微积分基本定理-五种表征.md","220","L0","1","False","True","False","False","False","True"
"docs\00-核心概念理解三问\11-核心定理多表征\69-Green定理-五种表征.md","194","L0","1","False","True","False","False","False","True"
"docs\00-核心概念理解三问\11-核心定理多表征\70-散度定理-五种表征.md","195","L0","1","False","True","False","False","False","True"
"docs\00-核心概念理解三问\11-核心定理多表征\71-Rolle定理-五种表征.md","194","L0","1","False","True","False","False","False","True"
"docs\00-核心概念理解三问\11-核心定理多表征\72-中值定理-五种表征.md","218","L0","1","False","True","False","False","False","True"
"docs\00-核心概念理解三问\11-核心定理多表征\73-L'Hôpital法则-五种表征.md","214","L0","1","False","True","False","False","False","True"
"docs\00-核心概念理解三问\11-核心定理多表征\74-Picard-Lindelöf定理-五种表征.md","211","L0","1","False","True","False","False","False","True"
"docs\00-核心概念理解三问\11-核心定理多表征\75-Liouville定理-五种表征.md","221","L0","1","False","True","False","False","False","True"
"docs\00-核心概念理解三问\11-核心定理多表征\76-代数基本定理-五种表征.md","206","L0","1","False","True","False","False","False","True"
"docs\00-核心概念理解三问\11-核心定理多表征\77-Galois基本定理-五种表征.md","214","L0","1","False","True","False","False","False","True"
"docs\00-核心概念理解三问\11-核心定理多表征\78-Krull主理想定理-五种表征.md","224","L0","2","True","True","False","False","False","True"
"docs\00-核心概念理解三问\11-核心定理多表征\79-Nakayama引理-五种表征.md","196","L0","2","False","True","True","False","False","True"
"docs\00-核心概念理解三问\11-核心定理多表征\80-Chevalley-Warning定理-五种表征.md","227","L0","1","False","True","False","False","False","True"
"docs\00-核心概念理解三问\12-知识图谱系统\05-可视化\concept-dependency-graph.md","651","L0","1","False","True","False","False","False","True"
"docs\00-核心概念理解三问\12-知识图谱系统\05-可视化\learning-paths.md","1144","L0","3","True","True","True","False","False","False"
"docs\01-基础数学\FormalMath项目100%完成最终确认报告-2025年1月-更新版.md","2159","L1","3","False","True","True","False","True","False"
"docs\01-基础数学\FormalMath项目100%完成最终确认报告-2025年1月.md","3778","L1","4","True","True","True","False","True","False"
"docs\01-基础数学\国际标准对照索引.md","3518","L1","2","False","False","True","False","True","True"
"docs\01-基础数学\国际标准对齐检查清单-2025年1月.md","2802","L1","3","True","True","True","False","False","False"
"docs\01-基础数学\基础数学全面分析归类报告.md","3676","L1","4","True","True","True","False","True","False"
"docs\01-基础数学\形式化论证与多表征方式分析-国际标准版.md","5536","L2","5","True","True","True","True","True","False"
"docs\01-基础数学\形式化验证标准-国际标准版.md","2655","L1","5","True","True","True","True","True","False"
"docs\01-基础数学\抽象代数结构到数论推导-国际标准版.md","5583","L2","4","True","True","True","False","True","False"
"docs\01-基础数学\数系构造国际标准对比分析-2024版.md","3462","L1","4","True","True","True","False","True","False"
"docs\01-基础数学\术语标准化词典-国际标准版.md","2279","L1","5","True","True","True","True","True","False"
"docs\01-基础数学\测度论与数系分析-国际标准版.md","4370","L2","4","True","True","True","False","True","False"
"docs\01-基础数学\自然数构造-国际标准对照版.md","3538","L1","3","True","True","True","False","False","False"
"docs\01-基础数学\认知科学分析框架-国际标准版.md","3520","L1","4","True","False","True","True","True","False"
"docs\01-基础数学\质量验证与优化报告-2025年1月.md","3413","L1","3","True","False","True","False","True","False"
"docs\01-基础数学\项目100%完成总结-最终版.md","2864","L1","3","False","True","True","False","True","False"
"docs\01-基础数学\ZFC公理体系\Lean4形式化实现-ZFC公理体系.md","3685","L1","4","True","True","True","False","True","False"
"docs\01-基础数学\ZFC公理体系\ZFC公理体系-深度扩展版.md","3314","L1","4","True","True","True","False","True","False"
"docs\01-基础数学\ZFC公理体系\ZFC公理体系到数论完整推导路径总结.md","2587","L1","4","True","True","True","False","True","False"
"docs\01-基础数学\ZFC公理体系\ZFC公理体系到数论推导索引.md","2129","L1","4","True","True","True","False","True","False"
"docs\01-基础数学\ZFC公理体系\ZFC公理体系完整形式化-国际标准对照版.md","3503","L1","2","True","False","True","False","False","True"
"docs\01-基础数学\ZFC公理体系\ZFC公理体系完整形式化-序关系构造详细版.md","4829","L2","4","True","True","True","False","True","False"
"docs\01-基础数学\ZFC公理体系\ZFC公理体系完整形式化-抽象代数结构构造.md","4863","L2","4","True","True","True","False","True","False"
"docs\01-基础数学\ZFC公理体系\ZFC公理体系完整形式化-第一部分.md","5710","L2","4","True","True","True","False","True","False"
"docs\01-基础数学\ZFC公理体系\ZFC公理体系完整形式化-第三部分：有理数构造.md","4188","L2","4","True","True","True","False","True","False"
"docs\01-基础数学\ZFC公理体系\ZFC公理体系完整形式化-第二部分：整数构造.md","4194","L2","5","True","True","True","True","True","False"
"docs\01-基础数学\ZFC公理体系\ZFC公理体系完整形式化-第五部分：复数构造.md","4314","L2","4","True","True","True","False","True","False"
"docs\01-基础数学\ZFC公理体系\ZFC公理体系完整形式化-第六部分：数论基础构造.md","4466","L2","4","True","True","True","False","True","False"
"docs\01-基础数学\ZFC公理体系\ZFC公理体系完整形式化-第四部分：实数构造.md","4797","L2","4","True","True","True","False","True","False"
"docs\01-基础数学\ZFC公理体系\ZFC公理体系完整形式化-自然数构造详细版.md","4361","L2","5","True","True","True","True","True","False"
"docs\01-基础数学\ZFC公理体系\ZFC公理体系应用案例.md","4140","L2","5","True","True","True","True","True","False"
"docs\01-基础数学\ZFC公理体系\ZFC公理体系深化扩展版.md","2122","L1","3","True","True","True","False","False","False"
"docs\01-基础数学\ZFC公理体系\ZFC到数论完整推导-包含抽象代数结构.md","2772","L1","4","True","True","True","False","True","False"
"docs\01-基础数学\ZFC公理体系\数系与ZFC公理体系映射关系分析-国际标准版.md","4800","L2","4","True","True","True","False","True","False"
"docs\01-基础数学\ZFC公理体系\数系与ZFC公理体系映射关系论证-国际标准版.md","4402","L2","3","True","True","True","False","False","True"
"docs\01-基础数学\序关系论证体系\01-关系基础与等价关系-国际标准版.md","2979","L1","5","True","True","True","True","True","False"
"docs\01-基础数学\序关系论证体系\02-偏序关系-国际标准版.md","3052","L1","5","True","True","True","True","True","False"
"docs\01-基础数学\序关系论证体系\03-全序关系-国际标准版.md","2770","L1","5","True","True","True","True","True","False"
"docs\01-基础数学\序关系论证体系\04-良序关系-国际标准版.md","3121","L1","5","True","True","True","True","True","False"
"docs\01-基础数学\序关系论证体系\05-序数理论-国际标准版.md","2668","L1","5","True","True","True","True","True","False"
"docs\01-基础数学\序关系论证体系\06-自然数构造-国际标准版.md","2989","L1","4","True","True","True","False","True","False"
"docs\01-基础数学\抽象代数结构论证\01-群论结构论证-国际标准版.md","2451","L1","4","True","True","True","False","True","False"
"docs\01-基础数学\抽象代数结构论证\02-环论结构论证-国际标准版.md","2564","L1","4","True","True","True","False","True","False"
"docs\01-基础数学\抽象代数结构论证\03-域论结构论证-国际标准版.md","2798","L1","4","True","True","True","False","True","False"
"docs\01-基础数学\抽象代数结构论证\04-模论结构论证-国际标准版.md","3493","L1","4","True","True","True","False","True","False"
"docs\01-基础数学\抽象代数结构论证\05-李代数结构论证-国际标准版.md","3319","L1","4","True","True","True","False","True","False"
"docs\01-基础数学\抽象代数结构论证\06-范畴论结构论证-国际标准版.md","3179","L1","5","True","True","True","True","True","False"
"docs\01-基础数学\集合论\01-集合论基础-国际标准版.md","2523","L1","3","True","True","True","False","False","False"
"docs\01-基础数学\集合论\01-集合论基础-增强版.md","2908","L1","5","True","True","True","True","True","False"
"docs\01-基础数学\集合论\01-集合论基础-深度扩展版.md","7298","L3","4","True","True","True","False","True","False"
"docs\01-基础数学\集合论\01-集合论基础.md","26730","L3","5","True","True","True","True","True","False"
"docs\01-基础数学\集合论\01-集合论基础1.md","3646","L1","4","True","True","True","False","True","False"
"docs\01-基础数学\集合论\02-函数与映射1.md","3778","L1","4","True","True","True","False","True","False"
"docs\01-基础数学\集合论\02-数系与运算-增强版.md","2519","L1","5","True","True","True","True","True","False"
"docs\01-基础数学\集合论\02-数系与运算-深度扩展版.md","1958","L0","4","True","True","True","False","True","False"
"docs\01-基础数学\集合论\02-数系与运算.md","4600","L2","4","True","True","False","True","True","False"
"docs\01-基础数学\集合论\03-关系与等价1.md","4122","L2","4","True","True","True","False","True","False"
"docs\01-基础数学\集合论\03-函数与映射-增强版.md","2758","L1","3","True","False","False","True","True","False"
"docs\01-基础数学\集合论\03-函数与映射-深度扩展版.md","2055","L1","3","True","True","False","False","True","False"
"docs\01-基础数学\集合论\03-函数与映射.md","10001","L3","5","True","True","True","True","True","False"
"docs\01-基础数学\集合论\04-关系与等价-增强版.md","3525","L1","3","True","False","False","True","True","False"
"docs\01-基础数学\集合论\04-关系与等价-深度扩展版.md","7512","L3","5","True","True","True","True","True","False"
"docs\01-基础数学\集合论\04-关系与等价.md","11152","L3","5","True","True","True","True","True","False"
"docs\01-基础数学\集合论\05-基数与序数-国际标准版.md","3887","L1","3","True","True","True","False","False","False"
"docs\01-基础数学\集合论\05-基数与序数-增强版.md","3238","L1","5","True","True","True","True","True","False"
"docs\01-基础数学\集合论\05-基数与序数-深化扩展版.md","5605","L2","4","True","True","True","False","True","False"
"docs\01-基础数学\集合论\05-基数与序数-深度扩展版.md","2297","L1","4","True","True","True","False","True","False"
"docs\01-基础数学\集合论\05-基数与序数.md","10240","L3","5","True","True","True","True","True","False"
"docs\01-基础数学\集合论\FormalMath集合论项目100%完成报告-2025年1月.md","1469","L0","3","True","False","True","False","True","False"
"docs\01-基础数学\集合论\FormalMath集合论项目最终完成报告-2025年1月.md","1940","L0","3","True","False","True","False","True","False"
"docs\01-基础数学\集合论\Lean4形式化实现-基数序数理论.md","2483","L1","4","True","True","True","False","True","False"
"docs\01-基础数学\集合论\Lean4形式化实现-集合论基础-国际标准版.md","2820","L1","4","True","True","True","True","False","False"
"docs\01-基础数学\集合论\Lean4形式化实现-集合论基础.md","3314","L1","5","True","True","True","True","True","False"
"docs\01-基础数学\集合论\关系论专门扩展总结.md","6917","L3","5","True","True","True","True","True","False"
"docs\01-基础数学\集合论\基数序数理论-深度扩展版.md","4324","L2","4","True","True","True","False","True","False"
"docs\01-基础数学\集合论\基数序数理论应用案例.md","4171","L2","3","False","False","True","True","True","True"
"docs\01-基础数学\集合论\基数序数理论证明深化-2025年1月.md","1831","L0","4","True","True","True","False","True","False"
"docs\01-基础数学\集合论\术语修正说明.md","820","L0","2","True","False","True","False","False","True"
"docs\01-基础数学\集合论\术语标准化词典-集合论.md","2058","L1","3","True","False","True","False","True","False"
"docs\01-基础数学\集合论\集合论交互式内容增强-2025年1月.md","1042","L0","1","False","False","False","False","True","False"
"docs\01-基础数学\集合论\集合论代码质量提升报告-2025年1月.md","1088","L0","5","True","True","True","True","True","False"
"docs\01-基础数学\集合论\集合论前沿内容完善-2025年1月.md","713","L0","2","False","True","False","False","True","True"
"docs\01-基础数学\集合论\集合论单元测试增强-2025年1月.md","478","L0","1","False","False","False","True","False","True"
"docs\01-基础数学\集合论\集合论同行评议报告-2025年1月.md","2764","L1","4","True","True","True","False","True","False"
"docs\01-基础数学\集合论\集合论国际标准对齐报告-2025年1月.md","3373","L1","4","True","True","True","False","True","False"
"docs\01-基础数学\集合论\集合论学习路径优化-2025年1月.md","1272","L0","4","True","True","True","False","True","False"
"docs\01-基础数学\集合论\集合论应用案例-深度扩展版.md","3003","L1","4","False","True","True","True","True","False"
"docs\01-基础数学\集合论\集合论应用案例库-深化扩展版.md","4963","L2","4","True","True","True","False","True","False"
"docs\01-基础数学\集合论\集合论应用案例扩展-2025年1月.md","552","L0","2","False","True","False","False","True","True"
"docs\01-基础数学\集合论\集合论持续改进机制-2025年1月.md","1235","L0","2","False","False","True","False","True","False"
"docs\01-基础数学\集合论\集合论改进执行计划-2025年1月.md","1619","L0","4","True","True","True","False","True","False"
"docs\01-基础数学\集合论\集合论教育应用优化-国际标准版.md","2928","L1","5","True","True","True","True","True","False"
"docs\01-基础数学\集合论\集合论真实应用案例库-国际标准版.md","763","L0","3","False","True","True","False","True","True"
"docs\01-基础数学\集合论\集合论真实应用案例库-深化扩展版.md","2550","L1","4","True","True","True","False","True","False"
"docs\01-基础数学\集合论\集合论练习题系统-2025年1月.md","564","L0","4","False","True","True","True","True","True"
"docs\01-基础数学\集合论\集合论证明细节完善-2025年1月.md","400","L0","2","False","True","True","False","False","True"
"docs\01-基础数学\集合论\集合论质量评估报告-2025年1月-更新版.md","1655","L0","4","True","True","True","False","True","False"
"docs\01-基础数学\集合论\集合论质量评估报告-2025年1月-最终版.md","2217","L1","4","True","True","True","False","True","False"
"docs\01-基础数学\集合论\集合论质量评估报告-2025年1月.md","1541","L0","4","True","True","True","False","True","False"
"docs\01-基础数学\集合论\集合论跨学科应用深化-国际标准版.md","2971","L1","5","True","True","True","True","True","False"
"docs\02-代数结构\归档总结.md","769","L0","1","False","False","False","False","True","True"
"docs\02-代数结构\01-理论基础\01-ZFC到抽象代数结构完整论证-国际标准版.md","4978","L2","5","True","True","True","True","True","False"
"docs\02-代数结构\01-理论基础\ZFC公理体系到抽象代数结构-基础理论.md","7044","L3","4","True","True","True","False","True","False"
"docs\02-代数结构\01-理论基础\代数结构多表征方式与图建模完善总结.md","2321","L1","3","True","False","True","False","True","False"
"docs\02-代数结构\02-核心理论\交换代数\01-交换代数核心-深度扩展版.md","4392","L2","5","True","True","True","True","True","False"
"docs\02-代数结构\02-核心理论\域论\01-域论-国际标准深度扩展版.md","12010","L3","5","True","True","True","True","True","False"
"docs\02-代数结构\02-核心理论\域论\域论-增强版.md","8995","L3","5","True","True","True","True","True","False"
"docs\02-代数结构\02-核心理论\域论\域论-深度扩展版.md","2333","L1","3","True","True","False","False","True","False"
"docs\02-代数结构\02-核心理论\李代数\01-李代数-国际标准深度扩展版.md","8521","L3","4","True","True","False","True","True","False"
"docs\02-代数结构\02-核心理论\李代数\05-李代数-增强版.md","5919","L2","5","True","True","True","True","True","False"
"docs\02-代数结构\02-核心理论\李代数\05-李代数-深度扩展版.md","5123","L2","3","True","True","False","False","True","True"
"docs\02-代数结构\02-核心理论\模论\01-模论-国际标准深度扩展版.md","9462","L3","5","True","True","True","True","True","False"
"docs\02-代数结构\02-核心理论\模论\04-模论-增强版.md","5967","L2","5","True","True","True","True","True","False"
"docs\02-代数结构\02-核心理论\模论\模论-深度扩展版.md","2764","L1","4","True","True","True","False","True","False"
"docs\02-代数结构\02-核心理论\环论\01-环论-国际标准深度扩展版.md","10778","L3","5","True","True","True","True","True","False"
"docs\02-代数结构\02-核心理论\环论\02-环论-增强版.md","7649","L3","5","True","True","True","True","True","False"
"docs\02-代数结构\02-核心理论\环论\02-环论-深化扩展版.md","4912","L2","4","True","True","True","False","True","False"
"docs\02-代数结构\02-核心理论\环论\02-环论-深度扩展版.md","1830","L0","3","True","True","False","False","True","False"
"docs\02-代数结构\02-核心理论\环论\02-环论.md","6531","L3","5","True","True","True","True","True","False"
"docs\02-代数结构\02-核心理论\环论\环论-深度扩展版.md","3808","L1","4","True","True","True","False","True","False"
"docs\02-代数结构\02-核心理论\线性代数与矩阵理论\01-线性代数与矩阵理论-国际标准深度扩展版.md","5115","L2","5","True","True","True","True","True","False"
"docs\02-代数结构\02-核心理论\线性代数与矩阵理论\02-线性代数与高级数系-国际标准版.md","8240","L3","5","True","True","True","True","True","False"
"docs\02-代数结构\02-核心理论\群论\01-群论-国际标准深度扩展版.md","18639","L3","5","True","True","True","True","True","False"
"docs\02-代数结构\02-核心理论\群论\01-群论-增强版.md","9126","L3","5","True","True","True","True","True","False"
"docs\02-代数结构\02-核心理论\群论\01-群论-深度扩展版.md","6961","L3","4","True","True","True","False","True","False"
"docs\02-代数结构\02-核心理论\群论\01-群论.md","10913","L3","5","True","True","True","True","True","False"
"docs\02-代数结构\02-核心理论\群论\02-群论-增强版.md","9126","L3","5","True","True","True","True","True","False"
"docs\02-代数结构\02-核心理论\群论\03-群论-深度扩展版.md","6961","L3","4","True","True","True","False","True","False"
"docs\02-代数结构\02-核心理论\范畴论\06-范畴论-增强版.md","5919","L2","5","True","True","True","True","True","False"
"docs\02-代数结构\02-核心理论\范畴论\06-范畴论-深度扩展版.md","6604","L3","5","True","True","True","True","True","False"
"docs\02-代数结构\02-核心理论\表示论\01-表示论基础.md","6679","L3","5","True","True","True","True","True","False"
"docs\02-代数结构\02-核心理论\表示论\02-表示论增强版.md","6786","L3","4","True","True","True","False","True","False"
"docs\02-代数结构\03-应用分析\第五阶段执行-应用场景分析.md","2940","L1","2","False","False","False","True","True","True"
"docs\02-代数结构\03-应用分析\域论应用\02-域论应用-伽罗瓦理论版.md","2599","L1","5","True","True","True","True","True","False"
"docs\02-代数结构\03-应用分析\域论应用\03-域论应用-代数数论版.md","2562","L1","5","True","True","True","True","True","False"
"docs\02-代数结构\03-应用分析\域论应用\04-域论应用-编码理论版.md","3341","L1","5","True","True","True","True","True","False"
"docs\02-代数结构\03-应用分析\域论应用\05-域论应用-密码学版.md","2477","L1","5","True","True","True","True","True","False"
"docs\02-代数结构\03-应用分析\李代数应用\02-李代数应用-数学物理版.md","3087","L1","4","True","True","True","False","True","False"
"docs\02-代数结构\03-应用分析\李代数应用\03-李代数应用-微分几何版.md","2407","L1","4","True","True","True","False","True","False"
"docs\02-代数结构\03-应用分析\李代数应用\04-李代数应用-表示论版.md","2569","L1","4","True","True","True","False","True","False"
"docs\02-代数结构\03-应用分析\李代数应用\05-李代数应用-量子力学版.md","2351","L1","4","False","True","True","True","True","False"
"docs\02-代数结构\03-应用分析\模论应用\02-模论应用-表示论版.md","2607","L1","1","False","False","False","False","True","True"
"docs\02-代数结构\03-应用分析\模论应用\03-模论应用-同调代数版.md","1839","L0","3","True","True","False","False","True","False"
"docs\02-代数结构\03-应用分析\模论应用\04-模论应用-代数几何版.md","1845","L0","3","True","True","False","False","True","False"
"docs\02-代数结构\03-应用分析\模论应用\05-模论应用-代数拓扑版.md","1831","L0","3","True","True","False","False","True","False"
"docs\02-代数结构\03-应用分析\环论应用\02-环论应用-代数几何版.md","3740","L1","4","True","True","True","False","True","False"
"docs\02-代数结构\03-应用分析\环论应用\03-环论应用-数论版.md","2866","L1","4","True","True","True","False","True","False"
"docs\02-代数结构\03-应用分析\环论应用\04-环论应用-密码学版.md","2927","L1","3","True","False","True","False","True","False"
"docs\02-代数结构\03-应用分析\环论应用\05-环论应用-代数编码版.md","1065","L0","2","True","False","False","False","True","False"
"docs\02-代数结构\03-应用分析\环论应用\环论应用案例.md","3077","L1","3","False","True","False","True","True","False"
"docs\02-代数结构\03-应用分析\线性代数应用\05-线性代数应用-机器学习版-完成报告.md","2212","L1","4","True","True","True","False","True","False"
"docs\02-代数结构\03-应用分析\线性代数应用\05-线性代数应用-机器学习版.md","3826","L1","4","True","True","False","True","True","False"
"docs\02-代数结构\03-应用分析\线性代数应用\06-线性代数应用-量子计算版.md","2074","L1","5","True","True","True","True","True","False"
"docs\02-代数结构\03-应用分析\综合应用\代数几何应用案例库-深化扩展版.md","2579","L1","4","True","True","True","False","True","False"
"docs\02-代数结构\03-应用分析\群论应用\02-群论应用-物理化学版.md","1644","L0","4","True","True","True","False","True","False"
"docs\02-代数结构\03-应用分析\群论应用\03-群论应用-计算机科学版.md","413","L0","1","False","False","False","False","True","True"
"docs\02-代数结构\03-应用分析\群论应用\04-群论应用-密码学版.md","619","L0","1","False","False","False","False","True","True"
"docs\02-代数结构\03-应用分析\群论应用\05-群论应用-量子计算版.md","744","L0","1","False","False","False","False","True","True"
"docs\02-代数结构\04-知识梳理\第一阶段执行-基础结构关系分析.md","2667","L1","3","True","True","True","False","False","False"
"docs\02-代数结构\04-知识梳理\第三阶段执行-多表征方式对比.md","2113","L1","2","True","False","True","False","False","True"
"docs\02-代数结构\04-知识梳理\第二阶段执行-模型分层比较.md","1324","L0","2","True","False","True","False","False","False"
"docs\02-代数结构\04-知识梳理\第四阶段执行-国际标准对照.md","2285","L1","5","True","True","True","True","True","False"
"docs\02-代数结构\05-形式化实现\第六阶段执行-形式化实现.md","3585","L1","4","True","True","True","False","True","False"
"docs\02-代数结构\05-形式化实现\域论\06-Lean4形式化实现-域论.md","2542","L1","4","True","True","True","False","True","False"
"docs\02-代数结构\05-形式化实现\李代数\06-Lean4形式化实现-李代数.md","2500","L1","4","True","True","True","False","True","False"
"docs\02-代数结构\05-形式化实现\模论\06-Lean4形式化实现-模论.md","3140","L1","3","True","True","False","False","True","False"
"docs\02-代数结构\05-形式化实现\环论\06-Lean4形式化实现-环论.md","3101","L1","3","True","True","True","False","False","False"
"docs\02-代数结构\05-形式化实现\环论\Lean4形式化实现-环论.md","3058","L1","4","True","True","True","False","True","False"
"docs\02-代数结构\05-形式化实现\群论\06-Lean4形式化实现-群论.md","3481","L1","4","True","True","True","False","True","False"
"docs\02-代数结构\06-技术实现参考\Python实现\01-Python实现-代数结构综合工具.md","5552","L2","3","True","False","False","True","True","True"
"docs\02-代数结构\06-技术实现参考\Python实现\域论\07-Python实现-域论算法.md","5518","L2","3","True","False","False","True","True","True"
"docs\02-代数结构\06-技术实现参考\Python实现\李代数\07-Python实现-李代数算法.md","4469","L2","3","True","False","False","True","True","True"
"docs\02-代数结构\06-技术实现参考\Python实现\模论\07-Python实现-模论算法.md","4902","L2","3","True","False","False","True","True","True"
"docs\02-代数结构\06-技术实现参考\Python实现\环论\07-Python实现-环论算法.md","4283","L2","4","True","True","False","True","True","False"
"docs\02-代数结构\06-技术实现参考\Python实现\群论\07-Python实现-群论算法.md","15020","L3","4","True","True","False","True","True","False"
"docs\02-代数结构\06-技术实现参考\Python实现\范畴论\07-Python实现-范畴论算法.md","4094","L2","3","True","False","False","True","True","True"
"docs\02-代数结构\06-技术实现参考\Python实现\表示论\07-Python实现-表示论算法.md","7669","L3","3","True","False","False","True","True","False"
"docs\02-代数结构\06-技术实现参考\数值计算\04-数值线性代数-国际标准版.md","2409","L1","2","True","False","False","False","True","True"
"docs\02-代数结构\07-项目文档\总结报告\抽象代数结构全面分析项目最终总结.md","4063","L2","3","False","True","True","False","True","True"
"docs\02-代数结构\07-项目文档\总结报告\项目100%完成确认书.md","1405","L0","3","False","True","True","False","True","False"
"docs\02-代数结构\07-项目文档\总结报告\项目完成报告-最终版.md","2457","L1","3","False","True","True","False","True","False"
"docs\02-代数结构\07-项目文档\总结报告\项目完成状态报告.md","1462","L0","3","False","True","True","False","True","False"
"docs\02-代数结构\07-项目文档\项目总览\抽象代数结构全面分析计划-2025年1月.md","4298","L2","3","True","False","True","False","True","True"
"docs\02-代数结构\07-项目文档\项目总览\抽象代数结构分析执行计划-详细版.md","4300","L2","4","True","True","True","False","True","False"
"docs\02-代数结构\07-项目文档\项目总览\项目启动执行指南.md","3245","L1","4","True","True","True","True","False","False"
"docs\02-代数结构\07-项目文档\领域总结\域论\08-域论-项目总结报告.md","4360","L2","4","True","True","True","False","True","False"
"docs\02-代数结构\07-项目文档\领域总结\李代数\08-李代数-项目总结报告.md","4076","L2","4","True","True","True","False","True","False"
"docs\02-代数结构\07-项目文档\领域总结\模论\08-模论-项目总结报告.md","1848","L0","4","True","True","True","False","True","False"
"docs\02-代数结构\07-项目文档\领域总结\模论\模论-100%完成报告.md","1669","L0","4","True","True","True","False","True","False"
"docs\02-代数结构\07-项目文档\领域总结\环论\08-环论-项目总结报告.md","1941","L0","4","True","True","True","False","True","False"
"docs\02-代数结构\07-项目文档\领域总结\群论\08-群论-项目总结报告.md","2080","L1","4","True","True","True","False","True","False"
"docs\03-分析学\分析学形式化完善报告.md","4141","L2","4","True","True","True","False","True","False"
"docs\03-分析学\01-实分析\01-实分析-增强版.md","5311","L2","5","True","True","True","True","True","False"
"docs\03-分析学\01-实分析\01-实分析-深度扩展版.md","9980","L3","4","True","True","True","False","True","False"
"docs\03-分析学\01-实分析\01-实分析.md","21574","L3","5","True","True","True","True","True","False"
"docs\03-分析学\01-实分析\02-Lebesgue积分-深度扩展版.md","2344","L1","5","True","True","True","True","True","False"
"docs\03-分析学\02-复分析\02-复分析-增强版.md","3390","L1","4","True","True","True","False","True","False"
"docs\03-分析学\02-复分析\02-复分析-深度扩展版.md","2095","L1","4","True","True","True","False","True","False"
"docs\03-分析学\02-复分析\02-复分析.md","5624","L2","5","True","True","True","True","True","False"
"docs\03-分析学\02-复分析\03-复分析核心定理-深度扩展版.md","2069","L1","4","True","True","True","False","True","False"
"docs\03-分析学\03-泛函分析\03-泛函分析-增强版.md","3922","L1","5","True","True","True","True","True","False"
"docs\03-分析学\03-泛函分析\03-泛函分析-深度扩展版.md","1903","L0","3","True","True","True","False","False","False"
"docs\03-分析学\03-泛函分析\03-泛函分析.md","6228","L3","5","True","True","True","True","True","False"
"docs\03-分析学\03-泛函分析\04-泛函分析三大定理-深度扩展版.md","1996","L0","4","True","True","True","False","True","False"
"docs\03-分析学\04-调和分析\04-调和分析-增强版.md","3709","L1","4","True","True","True","False","True","False"
"docs\03-分析学\04-调和分析\04-调和分析-深度扩展版.md","2297","L1","4","True","True","True","False","True","False"
"docs\03-分析学\04-调和分析\04-调和分析.md","3684","L1","5","True","True","True","True","True","False"
"docs\03-分析学\04-调和分析\Lean4形式化实现-调和分析.md","1438","L0","3","True","True","False","False","True","False"
"docs\03-分析学\04-调和分析\调和分析-深度扩展版.md","3406","L1","3","True","True","False","False","True","False"
"docs\03-分析学\04-调和分析\调和分析应用案例-深度扩展版.md","2818","L1","2","True","False","False","False","True","True"
"docs\03-分析学\05-微分方程\05-微分方程-增强版.md","4001","L2","3","False","True","True","False","True","True"
"docs\03-分析学\05-微分方程\05-微分方程-深度扩展版.md","2421","L1","3","True","True","True","False","False","False"
"docs\03-分析学\05-微分方程\05-微分方程.md","4005","L2","5","True","True","True","True","True","False"
"docs\03-分析学\05-微分方程\Lean4形式化实现-微分方程.md","2093","L1","3","True","True","False","False","True","False"
"docs\03-分析学\05-微分方程\微分方程-深度扩展版.md","2719","L1","3","True","True","False","False","True","False"
"docs\03-分析学\05-微分方程\微分方程应用案例-深度扩展版.md","2923","L1","1","False","False","False","False","True","True"
"docs\03-分析学\06-偏微分方程\01-偏微分方程核心-深度扩展版.md","4118","L2","4","True","True","True","False","True","False"
"docs\03-分析学\微积分与非标准微积分\07-非标准微积分与标准微积分等价性-哲学深化版.md","7852","L3","4","True","True","True","False","True","False"
"docs\03-分析学\微积分与非标准微积分\07-非标准微积分与标准微积分等价性-深度扩展版.md","5786","L2","4","True","True","True","False","True","False"
"docs\03-分析学\微积分与非标准微积分\08-非标准微积分与标准微积分语义联系与对比分析-深度扩展版.md","6943","L3","4","True","True","True","False","True","False"
"docs\03-分析学\微积分与非标准微积分\09-非标准微积分与标准微积分完整对比与语义联系分析-全面深化版.md","5596","L2","4","True","True","True","False","True","False"
"docs\03-分析学\微积分与非标准微积分\10-非标准微积分与标准微积分哲学认知与语义深化分析-前沿扩展版.md","5211","L2","4","True","True","True","False","True","False"
"docs\03-分析学\微积分与非标准微积分\11-微积分与非标准微积分公理定理推理系统完整对比分析-全面深化版.md","5337","L2","4","True","True","True","False","True","False"
"docs\03-分析学\微积分与非标准微积分\12-微积分与非标准微积分推理系统与证明方法深度对比分析-技术实现版.md","5393","L2","4","True","True","True","False","True","False"
"docs\03-分析学\微积分与非标准微积分\13-微积分与非标准微积分公理系统完整对比分析-系统深化版.md","5728","L2","3","True","False","True","False","True","True"
"docs\03-分析学\微积分与非标准微积分\14-微积分与非标准微积分完整对比分析综合报告-最终版.md","5612","L2","4","True","True","True","False","True","False"
"docs\03-分析学\微积分与非标准微积分\15-微积分与非标准微积分公理系统外部外延性分析-跨学科实证版.md","5844","L2","3","True","False","True","False","True","True"
"docs\03-分析学\微积分与非标准微积分\16-微积分与非标准微积分公理系统外部外延性实证研究-实验验证版.md","3481","L1","3","True","False","True","False","True","False"
"docs\03-分析学\微积分与非标准微积分\微积分与非标准微积分对比分析项目完成报告.md","3146","L1","4","True","True","True","False","True","False"
"docs\03-分析学\微积分与非标准微积分\非标准微积分与标准微积分对比分析完整成果报告.md","2372","L1","3","True","True","False","False","True","False"
"docs\03-分析学\微积分与非标准微积分\非标准微积分与标准微积分形式语言可计算性分析-程序编码实现性视角-进度报告.md","2128","L1","2","False","False","True","False","True","True"
"docs\03-分析学\微积分与非标准微积分\非标准微积分与标准微积分形式语言可计算性分析-程序编码实现性视角.md","8621","L3","4","True","True","True","False","True","False"
"docs\04-几何学\01-欧几里得几何-深度扩展版.md","6918","L3","4","True","True","True","False","True","False"
"docs\04-几何学\01-欧几里得几何.md","10463","L3","5","True","True","True","True","True","False"
"docs\04-几何学\02-解析几何.md","12696","L3","5","True","True","True","True","True","False"
"docs\04-几何学\03-微分几何.md","12132","L3","5","True","True","True","True","True","False"
"docs\04-几何学\04-射影几何.md","6860","L3","5","True","True","True","True","True","False"
"docs\04-几何学\05-代数几何.md","7252","L3","5","True","True","True","True","True","False"
"docs\04-几何学\06-拓扑几何.md","9734","L3","5","True","True","True","True","True","False"
"docs\04-几何学\07-欧氏与非欧几何的射影视角-形式论证-导出说明.md","407","L0","0","False","False","False","False","False","True"
"docs\04-几何学\07-欧氏与非欧几何的射影视角-形式论证.md","23664","L3","5","True","True","True","True","True","False"
"docs\04-几何学\08-微分几何核心-深度扩展版.md","1854","L0","5","True","True","True","True","True","False"
"docs\04-几何学\Lean4形式化实现-欧几里得几何.md","1993","L0","2","True","False","False","False","True","False"
"docs\04-几何学\Lean4形式化实现-解析几何.md","3287","L1","4","True","True","True","False","True","False"
"docs\04-几何学\几何学术语标准化-2025年1月.md","1962","L0","1","True","False","False","False","False","False"
"docs\04-几何学\欧几里得几何-深度扩展版.md","2858","L1","3","True","True","False","False","True","False"
"docs\04-几何学\欧几里得几何应用案例-深度扩展版.md","1154","L0","2","False","True","False","False","True","False"
"docs\04-几何学\解析几何-深度扩展版.md","3344","L1","5","True","True","True","True","True","False"
"docs\05-拓扑学\01-点集拓扑-深度扩展版.md","7177","L3","4","True","True","True","False","True","False"
"docs\05-拓扑学\01-点集拓扑.md","12953","L3","5","True","True","True","True","True","False"
"docs\05-拓扑学\02-代数拓扑.md","13024","L3","5","True","True","True","True","True","False"
"docs\05-拓扑学\03-代数拓扑核心-深度扩展版.md","1874","L0","3","True","True","True","False","False","False"
"docs\05-拓扑学\03-微分拓扑.md","4660","L2","5","True","True","True","True","True","False"
"docs\05-拓扑学\04-同伦论.md","4753","L2","5","True","True","True","True","True","False"
"docs\05-拓扑学\05-同调论.md","3654","L1","5","True","True","True","True","True","False"
"docs\05-拓扑学\06-纤维丛理论.md","3413","L1","5","True","True","True","True","True","False"
"docs\05-拓扑学\拓扑学国际标准对齐完成报告-2025年1月.md","2294","L1","5","True","True","True","True","True","False"
"docs\06-数论\01-初等数论-增强版.md","5521","L2","5","True","True","True","True","True","False"
"docs\06-数论\01-初等数论.md","7606","L3","5","True","True","True","True","True","False"
"docs\06-数论\02-代数数论.md","4296","L2","5","True","True","True","True","True","False"
"docs\06-数论\03-解析数论.md","4504","L2","5","True","True","True","True","True","False"
"docs\06-数论\04-组合数论.md","4192","L2","4","True","True","False","True","True","False"
"docs\06-数论\05-计算数论.md","3831","L1","5","True","True","True","True","True","False"
"docs\07-逻辑学\01-命题逻辑-增强版.md","3243","L1","3","False","True","True","False","True","False"
"docs\07-逻辑学\01-命题逻辑.md","4508","L2","5","True","True","True","True","True","False"
"docs\07-逻辑学\02-谓词逻辑.md","4242","L2","5","True","True","True","True","True","False"
"docs\07-逻辑学\03-模态逻辑.md","2385","L1","3","True","True","False","False","True","False"
"docs\07-逻辑学\04-直觉逻辑.md","2854","L1","5","True","True","True","True","True","False"
"docs\07-逻辑学\05-多值逻辑.md","2799","L1","4","True","True","True","False","True","False"
"docs\08-计算数学\01-数值分析-增强版.md","5327","L2","5","True","True","True","True","True","False"
"docs\08-计算数学\01-数值分析.md","5683","L2","5","True","True","True","True","True","False"
"docs\08-计算数学\02-优化理论-增强版.md","5863","L2","5","True","True","True","True","True","False"
"docs\08-计算数学\02-优化理论.md","3505","L1","5","True","True","True","True","True","False"
"docs\08-计算数学\02-计算几何.md","1942","L0","4","True","True","True","False","True","False"
"docs\08-计算数学\03-优化算法.md","3642","L1","4","True","True","True","False","True","False"
"docs\08-计算数学\04-并行计算.md","3967","L1","4","True","True","True","False","True","False"
"docs\08-计算数学\05-符号计算.md","4084","L2","4","True","True","True","False","True","False"
"docs\09-形式化证明\01-证明系统基础-深度扩展版.md","7961","L3","4","True","True","True","False","True","False"
"docs\09-形式化证明\01-证明系统基础.md","2334","L1","4","True","True","True","False","True","False"
"docs\09-形式化证明\02-自动定理证明-深化版.md","5520","L2","4","True","True","True","False","True","False"
"docs\09-形式化证明\03-模型检测-深化版.md","5800","L2","5","True","True","True","True","True","False"
"docs\09-形式化证明\04-类型论与证明-深化版.md","4606","L2","4","True","True","True","False","True","False"
"docs\09-形式化证明\05-量子证明系统-深化版.md","5263","L2","5","True","True","True","True","True","False"
"docs\09-形式化证明\06-机器学习证明系统-深化版.md","5834","L2","5","True","True","True","True","True","False"
"docs\09-形式化证明\07-区块链证明系统-深化版.md","6225","L3","5","True","True","True","True","True","False"
"docs\09-形式化证明\形式化证明模块持续推进总结-2025年8月.md","2263","L1","4","True","True","True","False","True","False"
"docs\09-形式化证明\形式化证明模块持续推进总结-第二阶段.md","1715","L0","3","False","True","True","False","True","False"
"docs\09-形式化证明\形式化证明模块持续推进总结报告.md","2537","L1","4","True","True","True","False","True","False"
"docs\09-形式化证明\形式化证明模块持续推进报告-2025年8月.md","2508","L1","4","True","True","True","False","True","False"
"docs\09-形式化证明\形式化证明模块持续推进计划.md","2166","L1","3","False","True","True","False","True","False"
"docs\10-语义模型\07-逻辑语法语义关联性-深度扩展版.md","16281","L3","5","True","True","True","True","True","False"
"docs\10-语义模型\08-数学哲学与逻辑学关联性-深度扩展版.md","11558","L3","4","True","True","True","False","True","False"
"docs\10-语义模型\09-数学哲学与逻辑学关联性-前沿深化版.md","5332","L2","3","True","False","True","False","True","True"
"docs\10-语义模型\10-数学哲学与逻辑学关联性-技术实现版.md","5141","L2","4","True","True","True","False","True","False"
"docs\10-语义模型\11-数学哲学与逻辑学关联性-量子认知深化版.md","6872","L3","2","True","False","False","False","True","False"
"docs\10-语义模型\12-数学哲学与逻辑学关联性-后人类深化版.md","6343","L3","2","True","False","False","False","True","False"
"docs\10-语义模型\13-数学哲学与逻辑学关联性-生态深化版.md","6568","L3","3","True","False","False","True","True","False"
"docs\10-语义模型\区块链语义学-前沿扩展版.md","7543","L3","4","True","True","True","False","True","False"
"docs\10-语义模型\机器学习语义学-前沿扩展版.md","6962","L3","4","True","True","True","False","True","False"
"docs\10-语义模型\语义模型哲学渊源完善总结.md","2099","L1","2","True","False","False","False","True","True"
"docs\10-语义模型\语义模型完善总结.md","2491","L1","4","True","True","True","False","True","False"
"docs\10-语义模型\语义模型统一框架.md","9592","L3","4","True","True","True","False","True","False"
"docs\10-语义模型\量子语义学-前沿扩展版.md","8091","L3","4","True","True","True","False","True","False"
"docs\10-语义模型\代数语义\02-代数语义.md","6286","L3","4","True","True","True","False","True","False"
"docs\10-语义模型\拓扑语义\03-拓扑语义.md","6305","L3","4","True","True","True","False","True","False"
"docs\10-语义模型\模型论\01-模型论基础-增强版.md","8991","L3","5","True","True","True","True","True","False"
"docs\10-语义模型\模型论\01-模型论基础-深度扩展版.md","12447","L3","4","True","True","True","False","True","False"
"docs\10-语义模型\模型论\01-模型论基础.md","7510","L3","4","True","True","True","False","True","False"
"docs\10-语义模型\游戏语义\05-游戏语义.md","6239","L3","4","True","True","True","False","True","False"
"docs\10-语义模型\真值语义\06-真值语义.md","6015","L3","4","True","True","True","False","True","False"
"docs\10-语义模型\范畴语义\04-范畴语义.md","6377","L3","4","True","True","True","False","True","False"
"docs\11-高级数学\01-代数几何高级主题.md","2117","L1","4","True","True","True","False","True","False"
"docs\11-高级数学\02-同伦论高级主题.md","2025","L1","5","True","True","True","True","True","False"
"docs\11-高级数学\03-数论几何高级主题.md","2213","L1","5","True","True","True","True","True","False"
"docs\11-高级数学\04-数学物理高级主题.md","1699","L0","3","True","False","False","True","True","False"
"docs\11-高级数学\05-导出代数几何.md","1955","L0","4","True","True","False","True","True","False"
"docs\11-高级数学\06-无穷范畴理论.md","5929","L2","4","True","False","True","True","True","False"
"docs\11-高级数学\07-高阶同伦论.md","4090","L2","5","True","True","True","True","True","False"
"docs\11-高级数学\08-代数K理论.md","4374","L2","5","True","True","True","True","True","False"
"docs\11-高级数学\09-数学物理高级主题-扩展版.md","2293","L1","2","True","False","False","False","True","True"
"docs\11-高级数学\10-朗兰兹纲领.md","3052","L1","4","True","True","True","False","True","False"
"docs\11-高级数学\11-算术几何.md","3567","L1","4","True","True","True","False","True","False"
"docs\11-高级数学\12-几何朗兰兹纲领.md","4548","L2","3","True","False","True","False","True","True"
"docs\11-高级数学\13-量子几何朗兰兹纲领.md","4306","L2","3","True","True","False","False","True","True"
"docs\11-高级数学\14-范畴化朗兰兹纲领.md","2699","L1","3","True","False","True","False","True","False"
"docs\11-高级数学\15-同伦类型论.md","5547","L2","3","True","False","True","False","True","True"
"docs\11-高级数学\16-数学物理前沿理论.md","2541","L1","4","True","False","True","True","True","False"
"docs\11-高级数学\17-高阶代数几何.md","3022","L1","4","True","False","True","True","True","False"
"docs\11-高级数学\18-现代数论前沿.md","2367","L1","5","True","True","True","True","True","False"
"docs\11-高级数学\19-现代拓扑学前沿.md","2402","L1","4","True","False","True","True","True","False"
"docs\11-高级数学\20-现代分析学前沿.md","2617","L1","5","True","True","True","True","True","False"
"docs\11-高级数学\21-现代代数几何前沿.md","2625","L1","3","True","False","True","False","True","False"
"docs\11-高级数学\22-现代拓扑学前沿-扩展版.md","2778","L1","3","True","False","False","True","True","False"
"docs\11-高级数学\23-现代分析学前沿-扩展版.md","14647","L3","2","True","False","False","False","True","False"
"docs\11-高级数学\24-量子数学.md","2817","L1","3","True","False","False","True","True","False"
"docs\11-高级数学\25-机器学习数学.md","2879","L1","3","True","False","False","True","True","False"
"docs\11-高级数学\26-数据科学数学.md","2703","L1","4","True","True","False","True","True","False"
"docs\11-高级数学\27-代数几何高级主题-深化版.md","4003","L2","5","True","True","True","True","True","False"
"docs\11-高级数学\28-量子数学-深化版.md","6498","L3","5","True","True","True","True","True","False"
"docs\11-高级数学\29-机器学习数学-深化版.md","5524","L2","3","True","True","False","False","True","True"
"docs\11-高级数学\30-数据科学数学-深化版.md","4890","L2","2","True","False","False","False","True","True"
"docs\11-高级数学\31-物理数学-深化版.md","3929","L1","5","True","True","True","True","True","False"
"docs\11-高级数学\32-金融数学-深化版.md","4908","L2","4","True","False","True","True","True","False"
"docs\11-高级数学\33-人工智能数学-深化版.md","5278","L2","4","True","True","True","False","True","False"
"docs\11-高级数学\34-生物数学-深化版.md","5621","L2","3","True","False","True","False","True","True"
"docs\11-高级数学\代数几何-Serre对偶-深度扩展.md","1231","L0","4","True","True","True","False","True","False"
"docs\11-高级数学\代数几何-深度扩展执行清单.md","298","L0","2","False","True","True","False","False","True"
"docs\12-应用数学\01-医学成像数学-深化版.md","2412","L1","4","True","True","True","False","True","False"
"docs\12-应用数学\01-概率论-深度扩展版.md","5660","L2","5","True","True","True","True","True","False"
"docs\12-应用数学\01-概率论.md","6214","L3","5","True","True","True","True","True","False"
"docs\12-应用数学\02-统计学.md","6717","L3","5","True","True","True","True","True","False"
"docs\12-应用数学\02-药物动力学数学-深化版.md","2563","L1","3","True","True","True","False","False","False"
"docs\12-应用数学\03-流行病学数学-深化版.md","2716","L1","3","True","True","True","False","False","False"
"docs\12-应用数学\03-运筹学-基础版.md","2153","L1","3","True","True","True","False","False","False"
"docs\12-应用数学\03-运筹学.md","5917","L2","3","True","False","False","True","True","True"
"docs\12-应用数学\04-控制论-基础版.md","2326","L1","3","True","True","True","False","False","False"
"docs\12-应用数学\04-控制论.md","3710","L1","3","True","False","False","True","True","False"
"docs\12-应用数学\05-生物统计学数学-深化版.md","3191","L1","3","True","True","True","False","False","False"
"docs\12-应用数学\06-机器学习数学基础.md","6810","L3","3","True","True","False","False","True","False"
"docs\12-应用数学\07-人工智能数学-深化版.md","5905","L2","3","True","True","False","False","True","True"
"docs\12-应用数学\08-生物数学-深化版.md","6168","L3","2","True","False","False","False","True","False"
"docs\12-应用数学\09-网络科学数学-深化版.md","7066","L3","3","True","True","False","False","True","False"
"docs\12-应用数学\10-信息论数学-深化版.md","9806","L3","3","True","True","False","False","True","False"
"docs\12-应用数学\11-数据科学数学-深化版.md","8815","L3","3","False","True","False","True","True","False"
"docs\12-应用数学\11-物理数学-深化版.md","5769","L2","5","True","True","True","True","True","False"
"docs\12-应用数学\12-计算几何数学-深化版.md","7263","L3","3","True","True","False","False","True","False"
"docs\12-应用数学\12-金融数学-深化版.md","5694","L2","4","True","False","True","True","True","False"
"docs\12-应用数学\13-区块链数学-深化版.md","9177","L3","4","True","True","True","False","True","False"
"docs\12-应用数学\14-量子计算数学-深化版.md","5586","L2","5","True","True","True","True","True","False"
"docs\12-应用数学\信息论-香农编码定理-深度扩展.md","767","L0","4","True","True","True","False","True","True"
"docs\13-代数几何\01-代数几何基础.md","5283","L2","4","True","True","True","False","True","False"
"docs\13-代数几何\02-代数几何增强版.md","6364","L3","4","True","True","True","False","True","False"
"docs\13-代数几何\03-代数几何深度扩展版.md","5961","L2","3","True","True","False","False","True","True"
"docs\13-代数几何\Lean4形式化实现-代数几何.md","1812","L0","3","True","True","False","False","True","False"
"docs\13-代数几何\代数几何应用案例-深度扩展版.md","2928","L1","2","True","False","False","False","True","True"
"docs\14-微分几何\01-微分几何基础.md","6569","L3","4","True","True","True","False","True","False"
"docs\14-微分几何\02-微分几何增强版.md","6353","L3","4","True","True","True","False","True","False"
"docs\14-微分几何\03-微分几何深度扩展版.md","5493","L2","4","True","True","True","False","True","False"
"docs\15-同调代数\01-同调代数基础.md","28244","L3","5","True","True","True","True","True","False"
"docs\15-同调代数\02-同调代数增强版.md","6765","L3","4","True","True","True","False","True","False"
"docs\15-同调代数\03-同调代数深度扩展版.md","5466","L2","2","True","False","False","False","True","True"
"docs\15-同调代数\高级同调代数.md","3019","L1","4","True","True","True","False","True","False"
